email,company_name,subject,sent_date,status,notes
jubao@lingying.com,Terry Eldh - Corporate Wellness Events,Export Partnership Proposal - Premium Singing Bowls Supplier,2026-08-24 14:28:14,Sent,Delivered via Gmail SMTP
info@soundtopia.com,Soundtopia,Export Partnership Proposal - Premium Singing Bowls Supplier,2026-08-24 14:43:06,Sent,Delivered via Gmail SMTP
contactus@tradekey.com,"Usa Singing Bowls Importers, Buyers And Distributors",Export Partnership Proposal - Premium Singing Bowls Supplier,2026-08-24 14:43:09,Sent,Delivered via Gmail SMTP
connect@trademo.com,List Of Buyers & Importers For Singing Bowl In United States,Export Partnership Proposal - Premium Singing Bowls Supplier,2026-08-24 14:43:13,Sent,Delivered via Gmail SMTP
tradeoneusa@gmail.com,Singing Bowls,Export Partnership Proposal - Premium Singing Bowls Supplier,2026-08-24 14:43:17,Sent,Delivered via Gmail SMTP
jubao@lingying.com,Terry Eldh - Corporate Wellness Events,Export Partnership Proposal - Premium Singing Bowls Supplier,2026-08-24 14:43:17,Skipped,Already contacted previously
info@soundtopia.com,Soundtopia,Export Partnership Proposal - Premium Singing Bowls Supplier,2026-08-25 13:31:08,Skipped,Already contacted previously
contactus@tradekey.com,"Usa Singing Bowls Importers, Buyers And Distributors",Export Partnership Proposal - Premium Singing Bowls Supplier,2026-08-25 13:31:09,Skipped,Already contacted previously
connect@trademo.com,List Of Buyers & Importers For Singing Bowl In United States,Export Partnership Proposal - Premium Singing Bowls Supplier,2026-08-25 13:31:09,Skipped,Already contacted previously
tradeoneusa@gmail.com,Singing Bowls,Export Partnership Proposal - Premium Singing Bowls Supplier,2026-08-25 13:31:09,Skipped,Already contacted previously
jubao@lingying.com,Terry Eldh - Corporate Wellness Events,Export Partnership Proposal - Premium Singing Bowls Supplier,2026-08-25 13:31:09,Skipped,Already contacted previously
info@soundtopia.com,Soundtopia,Export Partnership Proposal - Premium Singing Bowls Supplier,2026-08-26 21:30:27,Skipped,Already contacted previously
contactus@tradekey.com,"Usa Singing Bowls Importers, Buyers And Distributors",Export Partnership Proposal - Premium Singing Bowls Supplier,2026-08-26 21:30:27,Skipped,Already contacted previously
connect@trademo.com,List Of Buyers & Importers For Singing Bowl In United States,Export Partnership Proposal - Premium Singing Bowls Supplier,2026-08-26 21:30:27,Skipped,Already contacted previously
tradeoneusa@gmail.com,Singing Bowls,Export Partnership Proposal - Premium Singing Bowls Supplier,2026-08-26 21:30:27,Skipped,Already contacted previously
jubao@lingying.com,Terry Eldh - Corporate Wellness Events,Export Partnership Proposal - Premium Singing Bowls Supplier,2026-08-26 21:30:27,Skipped,Already contacted previously
info@seair.co.in,Crystal Singing Bowl Import Data & Buyers List In Usa,Export Partnership Proposal - Premium Singing Bowls Supplier,2026-08-26 21:30:31,Sent,Delivered via Gmail SMTP
sales@danaexport.com.eg,Frosted Quartz Crystal Singing Bowl Buyers & Importers,Export Partnership Proposal - Premium Singing Bowls Supplier,2026-08-26 21:30:34,Sent,Delivered via Gmail SMTP
sales@sownseedo.com,Frosted Quartz Crystal Singing Bowl Buyers & Importers,Export Partnership Proposal - Premium Singing Bowls Supplier,2026-08-26 21:30:38,Sent,Delivered via Gmail SMTP
eg.sample@xyz.com,"Usa Singing Bowls Importers, Buyers And Distributors",Export Partnership Proposal - Premium Singing Bowls Supplier,2026-08-26 21:30:42,Sent,Delivered via Gmail SMTP
ashok560@yahoo.com,Frosted Quartz Crystal Singing Bowl Buyers & Importers,Export Partnership Proposal - Premium Singing Bowls Supplier,2026-08-26 21:30:46,Sent,Delivered via Gmail SMTP
ashok560@yahoo.com,Frosted Quartz Crystal Singing Bowl Buyers & Importers,Export Partnership Proposal - Premium Singing Bowls Supplier,2026-08-27 22:10:01,Skipped,Already contacted previously
info@bodhisattva.com,Bodhisattva Trading Company,Export Partnership Proposal - Premium Singing Bowls Supplier,2026-08-27 22:13:25,Sent,Delivered via Gmail SMTP
support@tradewheel.com,United States Candle Holders Buyers And Importers List!,Export Partnership Proposal - Premium Singing Bowls Supplier,2026-08-28 00:24:25,Sent,Delivered via Gmail SMTP
ryan@yubaiglass.com,Wholesale Glass Candle Holders Manufacturer,Export Partnership Proposal - Premium Singing Bowls Supplier,2026-08-28 00:24:28,Sent,Delivered via Gmail SMTP
support@tradewheel.com,United States Candle Holders Buyers And Importers List!,Export Partnership Proposal - Premium Singing Bowls Supplier,2026-08-28 00:29:34,Skipped,Already contacted previously
ryan@yubaiglass.com,Wholesale Glass Candle Holders Manufacturer,Export Partnership Proposal - Premium Singing Bowls Supplier,2026-08-28 00:29:34,Skipped,Already contacted previously
info@alishbaimpex.com,Alishba Impex,Export Partnership Proposal - Premium Singing Bowls Supplier,2026-08-28 01:03:03,Sent,Delivered via Gmail SMTP
evecraftoverseas.info@gmail.com,We'Re Manufacture And Wholesaler Of Home Decor Products ...,Export Partnership Proposal - Premium Singing Bowls Supplier,2026-08-28 01:03:08,Sent,Delivered via Gmail SMTP
daniel@cregapak.com,Daniel /Cosmetic Packaging/ Home Decoration,Export Partnership Proposal - Premium Singing Bowls Supplier,2026-08-28 01:03:12,Sent,Delivered via Gmail SMTP
sardarhussainimpex@gmail.com,Zaryat Siddiqui - Indian Manufacture | Home Decor | Bulk ...,Export Partnership Proposal - Premium Singing Bowls Supplier,2026-08-28 01:03:16,Sent,Delivered via Gmail SMTP
a.h.handicraftsinc@gmail.com,A.H. Handicrafts Inc.,Export Partnership Proposal - Premium Singing Bowls Supplier,2026-08-28 01:03:19,Sent,Delivered via Gmail SMTP
lovefreecandles@verizon.net,Alayna Stiffler - Sr. Team Leader/Fragrance Consultant & Direct ...,Export Partnership Proposal - Premium Singing Bowls Supplier,2026-08-28 01:03:24,Sent,Delivered via Gmail SMTP
info@asianexportex.com,Asian Exportex,Export Partnership Proposal - Premium Singing Bowls Supplier,2026-08-28 01:03:27,Sent,Delivered via Gmail SMTP
elsevent2012@gmail.com,Candles Holder For Rental. For Inquiry 0818293582 ...,Export Partnership Proposal - Premium Singing Bowls Supplier,2026-08-28 01:03:31,Sent,Delivered via Gmail SMTP
jubao@lingying.com,"Julie Pfeiffer - Yoga, Pilates And Sound Healing Practitioner - Ymca Of The North",Export Partnership Proposal - Premium Singing Bowls Supplier,2026-08-31 23:19:00,Skipped,Already contacted previously
info@seair.co.in,"Sungwon Distributor Llc Importer/Buyer Data In Usa, Sungwon Distributor Llc Imports Data",Export Partnership Proposal - Premium Singing Bowls Supplier,2026-08-31 23:19:00,Skipped,Already contacted previously
export@singingbowlsspecialist.com,"Premium Singing Bowls Exporter To Usa, Best Tibetan Handcrafted Singing Bowls",Export Partnership Proposal - Premium Singing Bowls Supplier,2026-08-31 23:19:04,Sent,Delivered with poster: company_presentation.pdf
jubao@lingying.com,"Julie Pfeiffer - Yoga, Pilates And Sound Healing Practitioner - Ymca Of The North",Export Partnership Proposal - Premium Singing Bowls Supplier,2026-08-31 23:19:05,Skipped,Already contacted previously
info@seair.co.in,"Sungwon Distributor Llc Importer/Buyer Data In Usa, Sungwon Distributor Llc Imports Data",Export Partnership Proposal - Premium Singing Bowls Supplier,2026-08-31 23:19:05,Skipped,Already contacted previously
export@singingbowlsspecialist.com,"Premium Singing Bowls Exporter To Usa, Best Tibetan Handcrafted Singing Bowls",Export Partnership Proposal - Premium Singing Bowls Supplier,2026-08-31 23:19:05,Skipped,Already contacted previously
info@nepalartshop.com,Itching Tibetan Singing Bowls For Meditation – Global Demand,Export Partnership Proposal - Premium Singing Bowls Supplier,2026-08-31 23:19:07,Sent,Delivered with poster: company_presentation.pdf
info@nepalartshop.com,Itching Tibetan Singing Bowls For Meditation – Global Demand,Export Partnership Proposal - Premium Singing Bowls Supplier,2026-08-31 23:19:08,Sent,Delivered with poster: company_presentation.pdf
nepalartshop@gmail.com,Tibetan Singing Bowls For Beginners,Export Partnership Proposal - Premium Singing Bowls Supplier,2026-08-31 23:19:11,Sent,Delivered with poster: company_presentation.pdf
nepalartshop@gmail.com,Tibetan Singing Bowls For Beginners,Export Partnership Proposal - Premium Singing Bowls Supplier,2026-08-31 23:19:12,Sent,Delivered with poster: company_presentation.pdf
info@soundtopia.com,Contact,Export Partnership Proposal - Premium Singing Bowls Supplier,2026-08-31 23:40:20,Skipped,Already contacted previously
contactus@tradekey.com,"Usa Singing Bowls Importers, Buyers And Distributors",Export Partnership Proposal - Premium Singing Bowls Supplier,2026-08-31 23:40:20,Skipped,Already contacted previously
jubao@lingying.com,Us Products - We Are A Service Oriented Distributor That Cares About Providing Suitable Coffee And Tea Solutions For Your Company.,Export Partnership Proposal - Premium Singing Bowls Supplier,2026-08-31 23:40:20,Skipped,Already contacted previously
info@seair.co.in,Crystal Singing Bowl Import Data & Buyers List In Usa,Export Partnership Proposal - Premium Singing Bowls Supplier,2026-08-31 23:40:20,Skipped,Already contacted previously
sales@dataintelo.com,Singing Bowls Sales Market Research Report 2034,Export Partnership Proposal - Premium Singing Bowls Supplier,2026-08-31 23:40:24,Sent,Delivered with poster: company_presentation.pdf
ec8@yao.com,Singing Bowls Importers,Export Partnership Proposal - Premium Singing Bowls Supplier,2026-08-31 23:40:27,Sent,Delivered with poster: company_presentation.pdf
business@besthimalaya.com,Wholesale Singing Bowl Shipping & Lead Times,Export Partnership Proposal - Premium Singing Bowls Supplier,2026-08-31 23:40:31,Sent,Delivered with poster: company_presentation.pdf
info@indiancraftcentre.com,Wholesale Tibetan Singing Bowls In Usa,Export Partnership Proposal - Premium Singing Bowls Supplier,2026-08-31 23:40:35,Sent,Delivered with poster: company_presentation.pdf
info@belmontoilgas.com,Frosted Quartz Crystal Singing Bowl Buyers & Importers,Export Partnership Proposal - Premium Singing Bowls Supplier,2026-08-31 23:40:39,Sent,Delivered with poster: company_presentation.pdf
gopaliimports@gmail.com,Gopali Authentic Tibetan Singing Bowls & Sound Healing In St ...,Export Partnership Proposal - Premium Singing Bowls Supplier,2026-08-31 23:40:43,Sent,Delivered with poster: company_presentation.pdf
support@singingbowlsound.com,"Contact Us, Singing Bowl Sounds",Export Partnership Proposal - Premium Singing Bowls Supplier,2026-08-31 23:40:47,Sent,Delivered with poster: company_presentation.pdf
info@usingredients.com,Us Ingredients Llc - Www.Usingredients.Com,Export Partnership Proposal - Premium Singing Bowls Supplier,2026-08-31 23:40:50,Sent,Delivered with poster: company_presentation.pdf
closeouts@merchandiseusa.com,Merchandise Usa Closeout Buyers - Overstock And Liquidation Buyers,Export Partnership Proposal - Premium Singing Bowls Supplier,2026-08-31 23:40:53,Sent,Delivered with poster: company_presentation.pdf
export@singingbowlsspecialist.com,"Premium Singing Bowls Exporter To Usa, Best Tibetan Handcrafted Singing Bowls",Export Partnership Proposal - Premium Singing Bowls Supplier,2026-08-31 23:40:53,Skipped,Already contacted previously
info@nepalartshop.com,Itching Tibetan Singing Bowls For Meditation – Global Demand,Export Partnership Proposal - Premium Singing Bowls Supplier,2026-08-31 23:40:53,Skipped,Already contacted previously
nepalartshop@gmail.com,Tibetan Singing Bowls For Beginners,Export Partnership Proposal - Premium Singing Bowls Supplier,2026-08-31 23:40:53,Skipped,Already contacted previously
contact@granducati.com,Contact Granducati Usa Importer & Distributor,Export Partnership Proposal - Premium Singing Bowls Supplier,2026-08-31 23:40:57,Sent,Delivered with poster: company_presentation.pdf
contactus@tradekey.com,"Usa Singing Bowls Importers, Buyers And Distributors",Export Partnership Proposal - Premium Singing Bowls Supplier,2026-08-31 23:41:04,Skipped,Already contacted previously
jubao@lingying.com,Lakeshore Beverage,Export Partnership Proposal - Premium Singing Bowls Supplier,2026-08-31 23:55:33,Skipped,Already contacted previously
info@seair.co.in,Crystal Singing Bowl Import Data & Buyers List In Usa,Export Partnership Proposal - Premium Singing Bowls Supplier,2026-08-31 23:55:33,Skipped,Already contacted previously
info@soundtopia.com,Contact Us,Export Partnership Proposal - Premium Singing Bowls Supplier,2026-08-31 23:56:04,Skipped,Already contacted previously
jubao@lingying.com,Lakeshore Beverage,Export Partnership Proposal - Premium Singing Bowls Supplier,2026-08-31 23:56:04,Skipped,Already contacted previously
info@seair.co.in,Crystal Singing Bowl Import Data & Buyers List In Usa,Export Partnership Proposal - Premium Singing Bowls Supplier,2026-08-31 23:56:04,Skipped,Already contacted previously
sales@dataintelo.com,Singing Bowls Sales Market Research Report 2034,Export Partnership Proposal - Premium Singing Bowls Supplier,2026-08-31 23:56:04,Skipped,Already contacted previously
info@soundtopia.com,Contact Us,Export Partnership Proposal - Premium Singing Bowls Supplier,2026-08-31 23:56:06,Skipped,Already contacted previously
jubao@lingying.com,Lakeshore Beverage,Export Partnership Proposal - Premium Singing Bowls Supplier,2026-08-31 23:56:06,Skipped,Already contacted previously
info@seair.co.in,Crystal Singing Bowl Import Data & Buyers List In Usa,Export Partnership Proposal - Premium Singing Bowls Supplier,2026-08-31 23:56:06,Skipped,Already contacted previously
sales@dataintelo.com,Singing Bowls Sales Market Research Report 2034,Export Partnership Proposal - Premium Singing Bowls Supplier,2026-08-31 23:56:06,Skipped,Already contacted previously
eximnasir@gmail.com,Frosted Quartz Crystal Singing Bowl Buyers & Importers,Export Partnership Proposal - Premium Singing Bowls Supplier,2026-08-31 23:56:07,Sent,Delivered with poster attachment: singing_bowl_poster.pdf
ec8@yao.com,Singing Bowls Importers,Export Partnership Proposal - Premium Singing Bowls Supplier,2026-08-31 23:56:07,Skipped,Already contacted previously
eximnasir@gmail.com,Frosted Quartz Crystal Singing Bowl Buyers & Importers,Export Partnership Proposal - Premium Singing Bowls Supplier,2026-08-31 23:56:09,Sent,Delivered with poster attachment: singing_bowl_poster.pdf
ec8@yao.com,Singing Bowls Importers,Export Partnership Proposal - Premium Singing Bowls Supplier,2026-08-31 23:56:09,Skipped,Already contacted previously
john@example.com,Contact Us,Export Partnership Proposal - Premium Singing Bowls Supplier,2026-09-01 00:05:45,Sent,Delivered with poster attachment: singing_bowl_poster.pdf
enquiries@verifiedmarketresearch.com,Singing Bowls Market Size And Forecast,Export Partnership Proposal - Premium Singing Bowls Supplier,2026-09-01 00:05:49,Sent,Delivered with poster attachment: singing_bowl_poster.pdf
mohammed@maghco.sa,Frosted Quartz Crystal Singing Bowl Buyers & Importers,Export Partnership Proposal - Premium Singing Bowls Supplier,2026-09-01 00:05:52,Sent,Delivered with poster attachment: singing_bowl_poster.pdf
foryou@foryoudecor.com,Crystal Candle Holder Wholesale Supplier,Export Partnership Proposal - Premium Singing Bowls Supplier,2026-09-01 00:05:57,Sent,Delivered with poster attachment: singing_bowl_poster.pdf
info@ace-chn.om,China Crystal Candle Holder Buyers & Importers,Export Partnership Proposal - Premium Singing Bowls Supplier,2026-09-01 00:06:00,Sent,Delivered with poster attachment: singing_bowl_poster.pdf
handmadesingingbowl01@gmail.com,Tibetan Handmade Singing Bowls Wholesale,Export Partnership Proposal - Premium Singing Bowls Supplier,2026-09-01 00:06:04,Sent,Delivered with poster attachment: singing_bowl_poster.pdf
laromausa@gmail.com,L'Aroma Usa - Manufacturer And Distributor Of Scented Candles,Export Partnership Proposal - Premium Singing Bowls Supplier,2026-09-01 00:06:07,Sent,Delivered with poster attachment: singing_bowl_poster.pdf
info@tradewheel.com,United States Candle Holders Buyers And Importers List!,Export Partnership Proposal - Premium Singing Bowls Supplier,2026-09-01 00:06:10,Sent,Delivered with poster attachment: singing_bowl_poster.pdf
sales.bhavatuorganic@gmail.com,Frosted Quartz Crystal Singing Bowl Buyers & Importers,Export Partnership Proposal - Premium Singing Bowls Supplier,2026-09-01 00:06:15,Sent,Delivered with poster attachment: singing_bowl_poster.pdf
orders@evertonesingingbowls.com,Customer Support,Export Partnership Proposal - Premium Singing Bowls Supplier,2026-09-01 00:11:07,Sent,Delivered with poster attachment: singing_bowl_poster.pdf
info@sacredsoundofthesoul.com,Crystal Tones® Alchemy Crystal Singing Bowls – Sacred Sound Of The Soul,Export Partnership Proposal - Premium Singing Bowls Supplier,2026-09-01 00:35:19,Sent,Inline poster embedded + PPT attached: singing_bowl_product.pptx
info@singingbowlshop.com,About Us,Export Partnership Proposal - Premium Singing Bowls Supplier,2026-09-01 00:39:59,Sent,Inline poster embedded + PPT attached: singing_bowl_product.pptx
bowlsofsound44@gmail.com,Contact – Bowls Of Sound,Export Partnership Proposal - Premium Singing Bowls Supplier,2026-09-01 23:08:42,Sent,Inline poster embedded + PPT attached: singing_bowl_product.pptx
info@bowlsound.com,Contact Us – Singing Bowl Sound And Craft,Export Partnership Proposal - Premium Singing Bowls Supplier,2026-09-01 23:09:14,Sent,Inline poster embedded + PPT attached: singing_bowl_product.pptx
your@email.com,Wholesale Singing Bowls And Accessories,Export Partnership Proposal - Premium Singing Bowls Supplier,2026-09-01 23:26:50,Sent,Inline poster embedded + PPT attached: singing_bowl_product.pdf
support@himalayanbowls.com,Contact Us,Export Partnership Proposal - Premium Singing Bowls Supplier,2026-09-01 23:28:05,Sent,Inline poster embedded + PPT attached: singing_bowl_product.pdf
info@singarena.com,"Singarena – Karaoke, Ai Voice Score & Voice Rooms",Export Partnership Proposal - Premium Singing Bowls Supplier,2026-09-01 23:28:37,Sent,Inline poster embedded + PPT attached: singing_bowl_product.pdf
your.email@example.com,Singmeter,Export Partnership Proposal - Premium Singing Bowls Supplier,2026-09-01 23:29:10,Sent,Inline poster embedded + PPT attached: singing_bowl_product.pdf
support@screenapp.io,Rate My Voice,Export Partnership Proposal - Premium Singing Bowls Supplier,2026-09-01 23:29:42,Sent,Inline poster embedded + PPT attached: singing_bowl_product.pdf
support@himalayanbowls.com,Contact Us,Export Partnership Proposal - Premium Singing Bowls Supplier,2026-09-01 23:29:43,Skipped,Already contacted previously
info@singarena.com,"Singarena – Karaoke, Ai Voice Score & Voice Rooms",Export Partnership Proposal - Premium Singing Bowls Supplier,2026-09-01 23:29:43,Skipped,Already contacted previously
your.email@example.com,Singmeter,Export Partnership Proposal - Premium Singing Bowls Supplier,2026-09-01 23:29:43,Skipped,Already contacted previously
support@screenapp.io,Rate My Voice,Export Partnership Proposal - Premium Singing Bowls Supplier,2026-09-01 23:29:43,Skipped,Already contacted previously
daniel@anytospeech.com,Rate My Singing,Export Partnership Proposal - Premium Singing Bowls Supplier,2026-09-01 23:30:16,Sent,Inline poster embedded + PPT attached: singing_bowl_product.pdf
daniel@anytospeech.com,Rate My Singing,Export Partnership Proposal - Premium Singing Bowls Supplier,2026-09-01 23:30:16,Sent,Inline poster embedded + PPT attached: singing_bowl_product.pdf
raz@razimports.com,Raz Imports Inc. - Where The Spirit Of Giving Is Always In Style. We'Re Here To Help You #Owntheseason!,Export Partnership Proposal - Premium Singing Bowls Supplier,2026-09-01 23:30:51,Sent,Inline poster embedded + PPT attached: singing_bowl_product.pdf
raz@razimports.com,Raz Imports Inc. - Where The Spirit Of Giving Is Always In Style. We'Re Here To Help You #Owntheseason!,Export Partnership Proposal - Premium Singing Bowls Supplier,2026-09-01 23:30:57,Sent,Inline poster embedded + PPT attached: singing_bowl_product.pdf
john@autohub.co.nz,Autohub - Buyer Beware: Uk Scam Aimed At Usa Vehicle...,Export Partnership Proposal - Premium Singing Bowls Supplier,2026-09-01 23:31:26,Sent,Inline poster embedded + PPT attached: singing_bowl_product.pdf
john@autohub.co.nz,Autohub - Buyer Beware: Uk Scam Aimed At Usa Vehicle...,Export Partnership Proposal - Premium Singing Bowls Supplier,2026-09-01 23:31:38,Sent,Inline poster embedded + PPT attached: singing_bowl_product.pdf
admin@singingbowlshop.com,About Us,Export Partnership Proposal - Premium Singing Bowls Supplier,2026-09-01 23:38:13,Sent,Inline poster embedded + PPT attached: singing_bowl_product.pdf
support@contactout.com,Email Finder By Contactout,Export Partnership Proposal - Premium Singing Bowls Supplier,2026-09-01 23:38:44,Sent,Inline poster embedded + PPT attached: singing_bowl_product.pdf
asxvmprobertest@gmail.com,Contacts Help,Export Partnership Proposal - Premium Singing Bowls Supplier,2026-09-01 23:39:16,Sent,Inline poster embedded + PPT attached: singing_bowl_product.pdf
u002f1e1d2d009c144835b2bcd8bbe8917d0f@sentry.io,Home,Export Partnership Proposal - Premium Singing Bowls Supplier,2026-09-01 23:39:47,Sent,Inline poster embedded + PPT attached: singing_bowl_product.pdf
sales@findthedistributor.com,Find The Distributor,Export Partnership Proposal - Premium Singing Bowls Supplier,2026-09-01 23:40:21,Sent,Inline poster embedded + PPT attached: singing_bowl_product.pdf
welcome@dohbamezcal.com,Ernesto E. Aguirre - Importer & Distributor Of Ultra-Premium ...,Export Partnership Proposal - Premium Singing Bowls Supplier,2026-09-01 23:40:53,Sent,Inline poster embedded + PPT attached: singing_bowl_product.pdf
gbsourcingbd@gmail.com,Global Buyer Sourcing,Export Partnership Proposal - Premium Singing Bowls Supplier,2026-09-01 23:41:25,Sent,Inline poster embedded + PPT attached: singing_bowl_product.pdf
contactus@exporthub.com,Singing Bowl Wholesale Supplier,Export Partnership Proposal - Premium Singing Bowls Supplier,2026-09-01 23:47:26,Sent,Inline poster embedded + PPT attached: singing_bowl_product.pdf
epc@poet.com,Contact,Export Partnership Proposal - Premium Singing Bowls Supplier,2026-09-01 23:47:57,Sent,Inline poster embedded + PPT attached: singing_bowl_product.pdf
business@lindenlab.com,Contact,Export Partnership Proposal - Premium Singing Bowls Supplier,2026-09-01 23:48:30,Sent,Inline poster embedded + PPT attached: singing_bowl_product.pdf
info@dsn.group,Katerina Myroshnyk,Export Partnership Proposal - Premium Singing Bowls Supplier,2026-09-02 22:39:07,Sent,Inline poster embedded + PPT attached: singing_bowl_product.pdf
moe@adm.org,Singing Bowls Importers,Export Partnership Proposal - Premium Singing Bowls Supplier,2026-09-02 22:39:39,Sent,Inline poster embedded + PPT attached: singing_bowl_product.pdf
support@petalcard.com,Contact,Export Partnership Proposal - Premium Singing Bowls Supplier,2026-09-02 22:40:14,Sent,Inline poster embedded + PPT attached: singing_bowl_product.pdf
smart.journey.prober@gmail.com,Contacts Help,Export Partnership Proposal - Premium Singing Bowls Supplier,2026-09-02 22:43:24,Sent,Inline poster embedded + PPT attached: singing_bowl_product.pdf
catrina@sacredsoundofthesoul.com,Sacred Sound Of The Soul,Export Partnership Proposal - Premium Singing Bowls Supplier,2026-09-02 22:53:04,Sent,Inline poster embedded + PPT attached: singing_bowl_product.pdf
support@singmeter.com,Singmeter,Export Partnership Proposal - Premium Singing Bowls Supplier,2026-09-02 23:01:08,Sent,Inline poster embedded + PPT attached: singing_bowl_product.pdf
example@domain.com,How To Sing,Export Partnership Proposal - Premium Singing Bowls Supplier,2026-09-02 23:01:45,Sent,Inline poster embedded + PPT attached: singing_bowl_product.pdf
info@go4futuro.com,Frosted Quartz Crystal Singing Bowl Buyers & Importers,Export Partnership Proposal - Premium Singing Bowls Supplier,2026-09-03 00:34:43,Sent,Inline poster embedded + PPT attached: singing_bowl_product.pdf
info@ranasingingbowlcentre.com,Singing Bowl Exporters,Export Partnership Proposal - Premium Singing Bowls Supplier,2026-09-03 00:35:15,Sent,Inline poster embedded + PPT attached: singing_bowl_product.pdf
805d51b304096686c0ad3443490c67a0@sentry.globalsources.com,"China Wholesale Singing Bowls Suppliers, Manufacturers (Oem, Odm, & Obm) & Factory List",Export Partnership Proposal - Premium Singing Bowls Supplier,2026-09-03 00:37:03,Sent,Inline poster embedded + PPT attached: singing_bowl_product.pdf
franjeri1001@gmail.com,"Fertilizer Buyer, Seller, Importer, Trader – Urea, Can, Dap, Npk, Map, Mop | 🌍 Global Fertilizer Market Analysis – November 17, 2025",Export Partnership Proposal - Premium Singing Bowls Supplier,2026-09-03 00:37:35,Sent,Inline poster embedded + PPT attached: singing_bowl_product.pdf
info@vntc.net.vn,Spices Market For Importer And Exporter | A-B Whole Cassia For Export - Competitive Prices & High Quality,Export Partnership Proposal - Premium Singing Bowls Supplier,2026-09-03 00:44:19,Failed,SMTP Error: [Errno 11001] getaddrinfo failed
nishant.singingbowls@gmail.com,Handmade Singing Bowl Manufacturer And Exporter,Export Partnership Proposal - Premium Singing Bowls Supplier,2026-09-03 00:44:31,Failed,SMTP Error: [Errno 11001] getaddrinfo failed
csr@mlilyusa.com,Attachment Ii List Of Importers,Export Partnership Proposal - Premium Singing Bowls Supplier,2026-09-03 00:52:35,Sent,Inline poster embedded + PPT attached: singing_bowl_product.pdf
nishant.singingbowls@gmail.com,Handmade Singing Bowl Manufacturer And Exporter,Export Partnership Proposal - Premium Singing Bowls Supplier,2026-09-03 00:57:13,Sent,Inline poster embedded + PPT attached: singing_bowl_product.pdf
service@stoneadd.com,"Saudi Stone Buyer, Saudi Arabia Stone Importer, Stone Wholesaler",Export Partnership Proposal - Premium Singing Bowls Supplier,2026-09-03 00:59:20,Sent,Inline poster embedded + PPT attached: singing_bowl_product.pdf
info@mytilapia.com,Tilapia Fish And Fillet Importer/Wholesaler/Distributor,Export Partnership Proposal - Premium Singing Bowls Supplier,2026-09-03 00:59:52,Sent,Inline poster embedded + PPT attached: singing_bowl_product.pdf
gacxpress.nepal1@gmail.com,We Don'T Manufacture Singing Bowls Just To Make Them Look Beautiful ...,Export Partnership Proposal - Premium Singing Bowls Supplier,2026-09-03 01:01:18,Sent,Inline poster embedded + PPT attached: singing_bowl_product.pdf
info@vntc.net.vn,Spices Market For Importer And Exporter | A-B Whole Cassia For Export - Competitive Prices & High Quality,Export Partnership Proposal - Premium Singing Bowls Supplier,2026-09-03 01:01:50,Sent,Inline poster embedded + PPT attached: singing_bowl_product.pdf
supplierinquiries@sanmar.com,Contact Us,Export Partnership Proposal - Premium Singing Bowls Supplier,2026-09-03 23:47:23,Sent,Inline poster embedded + PPT attached: singing_bowl_product.pdf
name@company.com,Contact,Export Partnership Proposal - Premium Singing Bowls Supplier,2026-09-03 23:47:56,Sent,Inline poster embedded + PPT attached: singing_bowl_product.pdf
lilywanging@gmail.com,"Fertilizer Buyer, Seller, Importer, Trader – Urea, Can, Dap, Npk, Map, Mop | Calcium Ammonium Nitrate, Large Quantities In Stock And Ready To Ship At Any Time",Export Partnership Proposal - Premium Singing Bowls Supplier,2026-09-03 23:48:31,Sent,Inline poster embedded + PPT attached: singing_bowl_product.pdf
info@vietgro.com,"Fertilizer Buyer, Seller, Importer, Trader – Urea, Can, Dap, Npk, Map, Mop | 🌍 [Fertilizer Market Update – August 2025]",Export Partnership Proposal - Premium Singing Bowls Supplier,2026-09-03 23:49:20,Sent,Inline poster embedded + PPT attached: singing_bowl_product.pdf
info@arc-vlogistic.com,"King Crude Oil And Gas Buyer And Seller | Dear Sir/Madam,",Export Partnership Proposal - Premium Singing Bowls Supplier,2026-09-03 23:49:52,Sent,Inline poster embedded + PPT attached: singing_bowl_product.pdf
sales@crystalbowlswholesale.com,Crystal Bowls Wholesale - Crystal Distributing,Export Partnership Proposal - Premium Singing Bowls Supplier,2026-09-03 23:53:57,Sent,Inline poster embedded + PPT attached: singing_bowl_product.pdf
bo@synergybb.com,Importer & Distributor Business Sold,Export Partnership Proposal - Premium Singing Bowls Supplier,2026-09-03 23:58:51,Sent,Inline poster embedded + PPT attached: singing_bowl_product.pdf
jmonemorecast@aol.com,Usa Distributor – Akios Fishing Tackle,Export Partnership Proposal - Premium Singing Bowls Supplier,2026-09-04 00:02:53,Sent,Inline poster embedded + PPT attached: singing_bowl_product.pdf
prudence@wholesalerecruitingsolutions.com,"Wholesale Recruiting Solutions, Llc - The Electrical Distribution And Manufacturer Rep Recruiting Experts",Export Partnership Proposal - Premium Singing Bowls Supplier,2026-09-04 00:03:24,Sent,Inline poster embedded + PPT attached: singing_bowl_product.pdf
solidrock4uall@live.com,Tequila Importer & Distributor Of Ultra Premium Tequila Products In The Usa,Export Partnership Proposal - Premium Singing Bowls Supplier,2026-09-04 00:23:03,Sent,Inline poster embedded + PPT attached: singing_bowl_product.pdf
info@castlecf.com,Importer And Distributor,Export Partnership Proposal - Premium Singing Bowls Supplier,2026-09-04 00:23:35,Sent,Inline poster embedded + PPT attached: singing_bowl_product.pdf
forsale@themightybowl.com,Big News! Mighty Bowl Company Is Officially For Sale! Who Out ...,Export Partnership Proposal - Premium Singing Bowls Supplier,2026-09-04 00:24:08,Sent,Inline poster embedded + PPT attached: singing_bowl_product.pdf
partnership@trademo.com,Singing Bowl Buyers & Importers In United States,Export Partnership Proposal - Premium Singing Bowls Supplier,2026-09-04 00:31:42,Sent,Inline poster embedded + PPT attached: singing_bowl_product.pdf
abc@example.com,Contact,Export Partnership Proposal - Premium Singing Bowls Supplier,2026-09-04 00:32:13,Sent,Inline poster embedded + PPT attached: singing_bowl_product.pdf
press@google.com,Gmail,Export Partnership Proposal - Premium Singing Bowls Supplier,2026-09-04 00:32:45,Sent,Inline poster embedded + PPT attached: singing_bowl_product.pdf
info@wiseguyreports.com,"Singing Bowls Market Size, Trends & Forecast 2035",Export Partnership Proposal - Premium Singing Bowls Supplier,2026-09-04 00:41:15,Sent,Inline poster embedded + PPT attached: singing_bowl_product.pdf
support@exportbusinessmart.com,Export Business Mart,Export Partnership Proposal - Premium Singing Bowls Supplier,2026-09-04 01:18:42,Sent,Inline poster embedded + PPT attached: singing_bowl_product.pdf
customercare@indiamart.com,Golden 4 Inch Singing Bowl Of 5 Metals,Export Partnership Proposal - Premium Singing Bowls Supplier,2026-09-04 01:19:14,Sent,Inline poster embedded + PPT attached: singing_bowl_product.pdf
info@himalayasshop.com,Himalayas Shop,Export Partnership Proposal - Premium Singing Bowls Supplier,2026-09-04 01:19:45,Sent,Inline poster embedded + PPT attached: singing_bowl_product.pdf
mails@epch.com,Hall No. 16 Exhibitors List,Export Partnership Proposal - Premium Singing Bowls Supplier,2026-09-04 01:20:17,Sent,Inline poster embedded + PPT attached: singing_bowl_product.pdf
besthimalayaglobal@gmail.com,Handcrafted Singing Bowls In Usa,Export Partnership Proposal - Premium Singing Bowls Supplier,2026-09-04 01:20:49,Sent,Inline poster embedded + PPT attached: singing_bowl_product.pdf
customer@rainbowsounds.co,Soul Star Chakra Crystal Singing Bowls,Export Partnership Proposal - Premium Singing Bowls Supplier,2026-09-04 01:21:21,Sent,Inline poster embedded + PPT attached: singing_bowl_product.pdf
ashwani.singingbowlexporter@gmail.com,Handmade Singing Bowl Manufacturer And Exporter,Export Partnership Proposal - Premium Singing Bowls Supplier,2026-09-04 01:24:29,Sent,Inline poster embedded + PPT attached: singing_bowl_product.pdf
info@studenthandicrafts.com,Singing Bowl Wholesale From Nepal,Export Partnership Proposal - Premium Singing Bowls Supplier,2026-09-04 01:25:05,Sent,Inline poster embedded + PPT attached: singing_bowl_product.pdf
export@ecofy.io,Clear Pet Bowl & Rectangular Lids Manufacturer,Export Partnership Proposal - Premium Singing Bowls Supplier,2026-09-04 01:25:36,Sent,Inline poster embedded + PPT attached: singing_bowl_product.pdf
rain@isingingbowls.com,Faqs,Export Partnership Proposal - Premium Singing Bowls Supplier,2026-09-04 01:26:09,Sent,Inline poster embedded + PPT attached: singing_bowl_product.pdf
hello@soundtherapyshop.com,Contact Us,Export Partnership Proposal - Premium Singing Bowls Supplier,2026-09-04 01:29:07,Sent,Inline poster embedded + PPT attached: singing_bowl_product.pdf
support@goplusus.com,Attachment Ii List Of Importers,Export Partnership Proposal - Premium Singing Bowls Supplier,2026-09-04 23:04:01,Sent,Inline poster embedded + PPT attached: singing_bowl_product.pdf
farmlandimports@sbcglobal.net,National Shippers Contact List,Export Partnership Proposal - Premium Singing Bowls Supplier,2026-09-04 23:04:34,Sent,Inline poster embedded + PPT attached: singing_bowl_product.pdf
support@whitepages.com,The White Pages Phone Book & Directory,Export Partnership Proposal - Premium Singing Bowls Supplier,2026-09-04 23:05:07,Sent,Inline poster embedded + PPT attached: singing_bowl_product.pdf
info@moxiusa.com,Attachment Ii List Of Importers,Export Partnership Proposal - Premium Singing Bowls Supplier,2026-09-04 23:05:40,Sent,Inline poster embedded + PPT attached: singing_bowl_product.pdf
joep@voyagerfarmsllc.com,National Shippers Contact List,Export Partnership Proposal - Premium Singing Bowls Supplier,2026-09-04 23:06:12,Sent,Inline poster embedded + PPT attached: singing_bowl_product.pdf
info@thesingingbowlcenter.com,The Singing Bowl Manufacturer & Exporter Since 1959,Export Partnership Proposal - Premium Singing Bowls Supplier,2026-09-04 23:15:14,Sent,Inline poster embedded + PPT attached: singing_bowl_product.pdf
pqsbpi@gmail.com,List Of Licensed Importers – Npqsd,Export Partnership Proposal - Premium Singing Bowls Supplier,2026-09-04 23:35:51,Sent,Inline poster embedded + PPT attached: singing_bowl_product.pdf
support@studenthandicrafts.com,Singing Bowl Wholesale From Nepal,Export Partnership Proposal - Premium Singing Bowls Supplier,2026-09-04 23:46:01,Sent,Inline poster embedded + PPT attached: singing_bowl_product.pdf
info@saudgloves.com,"Importer, Distributor Or Agent.",Export Partnership Proposal - Premium Singing Bowls Supplier,2026-09-04 23:59:11,Sent,Inline poster embedded + PPT attached: singing_bowl_product.pdf
customer-service@connexy.com,Jack Importer Email & Phone Number,Export Partnership Proposal - Premium Singing Bowls Supplier,2026-09-04 23:59:46,Sent,Inline poster embedded + PPT attached: singing_bowl_product.pdf
info@ecofy.io,Clear Pet Bowl & Rectangular Lids Manufacturer,Export Partnership Proposal - Premium Singing Bowls Supplier,2026-09-05 00:03:01,Sent,Inline poster embedded + PPT attached: singing_bowl_product.pdf
sales@nationaldropshippers.com,"Top 30 Leather Whole Seller In Usa (United States) ~ Top Buyer Seller List Of Usa, Uk, Canada, South Africa, Germany, India For Fashion, Leather",Export Partnership Proposal - Premium Singing Bowls Supplier,2026-09-05 00:23:58,Sent,Inline poster embedded + PPT attached: singing_bowl_product.pdf
ec8@yao.co,Singing Bowls Importers,Export Partnership Proposal - Premium Singing Bowls Supplier,2026-09-07 23:31:23,Sent,Inline poster embedded + PPT attached: singing_bowl_product.pdf
info@soundtopia.co,Contact,Export Partnership Proposal - Premium Singing Bowls Supplier,2026-09-07 23:32:04,Sent,Inline poster embedded + PPT attached: singing_bowl_product.pdf
business@besthimalaya.co,Wholesale Singing Bowl Shipping & Lead Times,Export Partnership Proposal - Premium Singing Bowls Supplier,2026-09-07 23:32:41,Sent,Inline poster embedded + PPT attached: singing_bowl_product.pdf
contactus@tradekey.co,"Usa Singing Bowls Importers, Buyers And Distributors",Export Partnership Proposal - Premium Singing Bowls Supplier,2026-09-07 23:33:29,Sent,Inline poster embedded + PPT attached: singing_bowl_product.pdf
export@singingbowlsspecialist.co,"Premium Singing Bowls Exporter To Usa, Best Tibetan Handcrafted ...",Export Partnership Proposal - Premium Singing Bowls Supplier,2026-09-07 23:34:08,Sent,Inline poster embedded + PPT attached: singing_bowl_product.pdf
gopaliimports@gmail.co,Gopali Authentic Tibetan Singing Bowls & Sound Healing In St ...,Export Partnership Proposal - Premium Singing Bowls Supplier,2026-09-07 23:34:46,Sent,Inline poster embedded + PPT attached: singing_bowl_product.pdf
besthimalayaglobal@gmail.co,Wholesale Singing Bowl Shipping & Lead Times,Export Partnership Proposal - Premium Singing Bowls Supplier,2026-09-07 23:40:21,Sent,Inline poster embedded + PPT attached: singing_bowl_product.pdf
besthimalayaglobal@gmail.co,Wholesale Singing Bowl Shipping & Lead Times,Export Partnership Proposal - Premium Singing Bowls Supplier,2026-09-07 23:40:25,Sent,Inline poster embedded + PPT attached: singing_bowl_product.pdf
support@studenthandicrafts.co,Singing Bowl Wholesale From Nepal,Export Partnership Proposal - Premium Singing Bowls Supplier,2026-09-07 23:44:27,Sent,Inline poster embedded + PPT attached: singing_bowl_product.pdf
info@bodhisattva.co,Bodhisattva Trading Company,Export Partnership Proposal - Premium Singing Bowls Supplier,2026-09-07 23:45:03,Sent,Inline poster embedded + PPT attached: singing_bowl_product.pdf
info@bowlsound.co,Contact Us – Singing Bowl Sound And Craft,Export Partnership Proposal - Premium Singing Bowls Supplier,2026-09-07 23:45:38,Sent,Inline poster embedded + PPT attached: singing_bowl_product.pdf
bowlsofsound44@gmail.co,Contact – Bowls Of Sound,Export Partnership Proposal - Premium Singing Bowls Supplier,2026-09-07 23:46:16,Sent,Inline poster embedded + PPT attached: singing_bowl_product.pdf
nepalartshop@outlook.com,Tibetan Therapy Singing Bowls – Human Body Healing Throungh Sound Bowls,Export Partnership Proposal - Premium Singing Bowls Supplier,2026-09-07 23:54:59,Sent,Inline poster embedded + PPT attached: singing_bowl_product.pdf
info@originalbuddhas.com,Himalayan Singing Bowls,Export Partnership Proposal - Premium Singing Bowls Supplier,2026-09-08 23:54:55,Sent,Inline poster embedded + PPT attached: singing_bowl_product.pdf
dd0a55ccb8124b9c9d938e3acf41f8aa@sentry.wixpress.com,Himalayan Singing Bowls,Export Partnership Proposal - Premium Singing Bowls Supplier,2026-09-08 23:55:35,Sent,Inline poster embedded + PPT attached: singing_bowl_product.pdf
support@soundworkssoundtherapy.com,Chunky Wands For Himalayan Singing Bowls – Soundworkssoundtherapy,Export Partnership Proposal - Premium Singing Bowls Supplier,2026-09-08 23:56:07,Sent,Inline poster embedded + PPT attached: singing_bowl_product.pdf
info@himalayansoundsingingbowl.com,Contact,Export Partnership Proposal - Premium Singing Bowls Supplier,2026-09-08 23:56:39,Sent,Inline poster embedded + PPT attached: singing_bowl_product.pdf
susan@terremusic.com,Singing Bowl,Export Partnership Proposal - Premium Singing Bowls Supplier,2026-09-08 23:57:11,Sent,Inline poster embedded + PPT attached: singing_bowl_product.pdf
bachhaladevitraders76@gmail.com,"Contact Us, Singing Bowl Sounds",Export Partnership Proposal - Premium Singing Bowls Supplier,2026-09-08 23:57:42,Sent,Inline poster embedded + PPT attached: singing_bowl_product.pdf
support@silentmindbowls.com,Site Notice – Silent Mind,Export Partnership Proposal - Premium Singing Bowls Supplier,2026-09-08 23:58:14,Sent,Inline poster embedded + PPT attached: singing_bowl_product.pdf
941071-855-225-7372info@thegongshop.com,Singing Bowls – The Gong Shop,Export Partnership Proposal - Premium Singing Bowls Supplier,2026-09-08 23:58:46,Sent,Inline poster embedded + PPT attached: singing_bowl_product.pdf
sales@theeveresttrader.com,Tibetan Singing Bowls – The Everest Trader,Export Partnership Proposal - Premium Singing Bowls Supplier,2026-09-08 23:59:17,Sent,Inline poster embedded + PPT attached: singing_bowl_product.pdf
hello@shantibowl.com,Contact Us,Export Partnership Proposal - Premium Singing Bowls Supplier,2026-09-08 23:59:49,Sent,Inline poster embedded + PPT attached: singing_bowl_product.pdf
shop@wu-dang-pai.de,Singing Bowl,Export Partnership Proposal - Premium Singing Bowls Supplier,2026-09-09 00:00:23,Sent,Inline poster embedded + PPT attached: singing_bowl_product.pdf
info@dharmashop.com,Wholesale Singing Bowls,Export Partnership Proposal - Premium Singing Bowls Supplier,2026-09-09 00:00:55,Sent,Inline poster embedded + PPT attached: singing_bowl_product.pdf
sara@soundello.com,"Crystal Singing Bowl, Manufacturer – Soundello",Export Partnership Proposal - Premium Singing Bowls Supplier,2026-09-09 00:01:28,Sent,Inline poster embedded + PPT attached: singing_bowl_product.pdf
knightpeople@msn.com,Temple Sounds Tibetan Singing Bowls,Export Partnership Proposal - Premium Singing Bowls Supplier,2026-09-09 00:02:00,Sent,Inline poster embedded + PPT attached: singing_bowl_product.pdf
ryanlstanley@hotmail.com,Crystal Tones® Alchemy Crystal Singing Bowls – Sacred Sound Of The Soul,Export Partnership Proposal - Premium Singing Bowls Supplier,2026-09-09 00:02:31,Sent,Inline poster embedded + PPT attached: singing_bowl_product.pdf
oceanic@oceaniclink.com,Singing Bowls,Export Partnership Proposal - Premium Singing Bowls Supplier,2026-09-09 00:03:04,Sent,Inline poster embedded + PPT attached: singing_bowl_product.pdf
brs@yao.com,Singing Bowls Importers,Export Partnership Proposal - Premium Singing Bowls Supplier,2026-09-09 00:03:36,Sent,Inline poster embedded + PPT attached: singing_bowl_product.pdf
narek@musicofwisdom.com,The Complete Guide To Buying A Singing Bowl,Export Partnership Proposal - Premium Singing Bowls Supplier,2026-09-09 00:04:07,Sent,Inline poster embedded + PPT attached: singing_bowl_product.pdf
support@katmandutrading.com,Wholesale Singing Bowl,Export Partnership Proposal - Premium Singing Bowls Supplier,2026-09-09 00:04:40,Sent,Inline poster embedded + PPT attached: singing_bowl_product.pdf
myname@email.com,Himalayan Blackberry Pie,Export Partnership Proposal - Premium Singing Bowls Supplier,2026-09-09 00:05:13,Sent,Inline poster embedded + PPT attached: singing_bowl_product.pdf
intake@cycleworld.com,"A 3,500",Export Partnership Proposal - Premium Singing Bowls Supplier,2026-09-09 00:05:46,Sent,Inline poster embedded + PPT attached: singing_bowl_product.pdf
contactwhatsinthepan@gmail.com,Himalayan Salt Vs Sea Salt,Export Partnership Proposal - Premium Singing Bowls Supplier,2026-09-09 00:06:18,Sent,Inline poster embedded + PPT attached: singing_bowl_product.pdf
legislative.affairs@eda.gov,Contact Us,Export Partnership Proposal - Premium Singing Bowls Supplier,2026-09-09 00:06:51,Sent,Inline poster embedded + PPT attached: singing_bowl_product.pdf
admissions@reformationbiblecollege.org,The Value Of Hymn Singing,Export Partnership Proposal - Premium Singing Bowls Supplier,2026-09-09 00:07:25,Sent,Inline poster embedded + PPT attached: singing_bowl_product.pdf
guy@bellsofbliss.com,About Our Singing Bowls,Export Partnership Proposal - Premium Singing Bowls Supplier,2026-09-09 00:07:58,Sent,Inline poster embedded + PPT attached: singing_bowl_product.pdf
jayapal.casework@mail.house.gov,Email,Export Partnership Proposal - Premium Singing Bowls Supplier,2026-09-09 00:08:30,Sent,Inline poster embedded + PPT attached: singing_bowl_product.pdf
contact@tarabrach.com,Meditation,Export Partnership Proposal - Premium Singing Bowls Supplier,2026-09-09 00:09:03,Sent,Inline poster embedded + PPT attached: singing_bowl_product.pdf
help@mapquest.com,"Himalayan Singing Bowl And Trading, Street 17, Pokhara, Np",Export Partnership Proposal - Premium Singing Bowls Supplier,2026-09-09 00:09:38,Sent,Inline poster embedded + PPT attached: singing_bowl_product.pdf
seaofart@gmail.com,Contact,Export Partnership Proposal - Premium Singing Bowls Supplier,2026-09-09 00:10:10,Sent,Inline poster embedded + PPT attached: singing_bowl_product.pdf
accuracy@usatoday.com,Usa Today,Export Partnership Proposal - Premium Singing Bowls Supplier,2026-09-09 00:10:41,Sent,Inline poster embedded + PPT attached: singing_bowl_product.pdf
info@thegongshop.com,Singing Bowls,Export Partnership Proposal - Premium Singing Bowls Supplier,2026-09-09 00:11:13,Sent,Inline poster embedded + PPT attached: singing_bowl_product.pdf
wholesale@stansdonuts.com,Wholesale,Export Partnership Proposal - Premium Singing Bowls Supplier,2026-09-09 00:11:46,Sent,Inline poster embedded + PPT attached: singing_bowl_product.pdf
syswtscustomertesting@frb.org,Wholesale Testing Services,Export Partnership Proposal - Premium Singing Bowls Supplier,2026-09-09 00:12:17,Sent,Inline poster embedded + PPT attached: singing_bowl_product.pdf
enquiries@jimthompson.com,Tibetan Sun,Export Partnership Proposal - Premium Singing Bowls Supplier,2026-09-09 00:12:49,Sent,Inline poster embedded + PPT attached: singing_bowl_product.pdf
dd@gmail.com,Singing Bowls,Export Partnership Proposal - Premium Singing Bowls Supplier,2026-09-09 00:12:53,Sent,Inline poster embedded + PPT attached: singing_bowl_product.pdf
diane.landry@wcax.com,"Vermont’S Tibetan, Nepalese Communities Grieve After Flooding",Export Partnership Proposal - Premium Singing Bowls Supplier,2026-09-09 00:13:21,Sent,Inline poster embedded + PPT attached: singing_bowl_product.pdf
5d1795a2db124a268f1e1bd88f503500@sentry.wixpress.com,Himalayan Singing Bowls,Export Partnership Proposal - Premium Singing Bowls Supplier,2026-09-09 00:13:26,Sent,Inline poster embedded + PPT attached: singing_bowl_product.pdf
info@perennialsfabrics.com,Brush Work Tibetan Knot,Export Partnership Proposal - Premium Singing Bowls Supplier,2026-09-09 00:13:53,Sent,Inline poster embedded + PPT attached: singing_bowl_product.pdf
orders.soundworks@gmail.com,Chunky Wands For Himalayan Singing Bowls – Soundworkssoundtherapy,Export Partnership Proposal - Premium Singing Bowls Supplier,2026-09-09 00:13:57,Sent,Inline poster embedded + PPT attached: singing_bowl_product.pdf
eva@thecuriouschickpea.com,Tibetan Vegetable Momos With Spicy Sesame Tomato Chutney • The Curious Chickpea,Export Partnership Proposal - Premium Singing Bowls Supplier,2026-09-09 00:14:27,Sent,Inline poster embedded + PPT attached: singing_bowl_product.pdf
info@artoftibet.com,Singing Bowl,Export Partnership Proposal - Premium Singing Bowls Supplier,2026-09-09 00:15:01,Sent,Inline poster embedded + PPT attached: singing_bowl_product.pdf
hello@mindfulstore.com.au,Singing Sound Bowl Wholesale Supplier,Export Partnership Proposal - Premium Singing Bowls Supplier,2026-09-09 00:15:33,Sent,Inline poster embedded + PPT attached: singing_bowl_product.pdf
tips@rideapart.com,Buying Something Other Than A Royal Enfield Himalayan ...,Export Partnership Proposal - Premium Singing Bowls Supplier,2026-09-09 00:16:05,Sent,Inline poster embedded + PPT attached: singing_bowl_product.pdf
nepalartshop@outlook.com,Tibetan Therapy Singing Bowls – Human Body Healing Throungh Sound Bowls,Export Partnership Proposal - Premium Singing Bowls Supplier,2026-09-09 00:16:05,Skipped,Already contacted previously
info@accessoryarcade.com,Wholesale Yoga Accessories & Equipment Supply To Usa,Export Partnership Proposal - Premium Singing Bowls Supplier,2026-09-09 00:16:36,Sent,Inline poster embedded + PPT attached: singing_bowl_product.pdf
besthimalayaglobal@gmail.co,Wholesale Singing Bowl Shipping & Lead Times,Export Partnership Proposal - Premium Singing Bowls Supplier,2026-09-09 00:16:36,Skipped,Already contacted previously
support@studenthandicrafts.co,Singing Bowl Wholesale From Nepal,Export Partnership Proposal - Premium Singing Bowls Supplier,2026-09-09 00:16:36,Skipped,Already contacted previously
info@bodhisattva.co,Bodhisattva Trading Company,Export Partnership Proposal - Premium Singing Bowls Supplier,2026-09-09 00:16:36,Skipped,Already contacted previously
info@bowlsound.co,Contact Us – Singing Bowl Sound And Craft,Export Partnership Proposal - Premium Singing Bowls Supplier,2026-09-09 00:16:36,Skipped,Already contacted previously
bowlsofsound44@gmail.co,Contact – Bowls Of Sound,Export Partnership Proposal - Premium Singing Bowls Supplier,2026-09-09 00:16:36,Skipped,Already contacted previously
%20sales@mefree.co,Wholesale Yoga Props,Export Partnership Proposal - Premium Singing Bowls Supplier,2026-09-09 00:17:08,Sent,Inline poster embedded + PPT attached: singing_bowl_product.pdf
support@smokeaxis.co,Vd Importers — Wholesale Distributor In Florida,Export Partnership Proposal - Premium Singing Bowls Supplier,2026-09-09 00:17:42,Sent,Inline poster embedded + PPT attached: singing_bowl_product.pdf
info@beveragetradenetwork.co,Directory Of Spirits Importers Worldwide,Export Partnership Proposal - Premium Singing Bowls Supplier,2026-09-09 00:18:13,Sent,Inline poster embedded + PPT attached: singing_bowl_product.pdf
info@bestwineimporters.co,"Spirits Importers, Distributors Platform",Export Partnership Proposal - Premium Singing Bowls Supplier,2026-09-09 00:18:45,Sent,Inline poster embedded + PPT attached: singing_bowl_product.pdf
aakash@usaspiritsratings.co,"Kontapel, Ukrainian Brand Now Calling Usa Spirits Importers ...",Export Partnership Proposal - Premium Singing Bowls Supplier,2026-09-09 00:19:38,Sent,Inline poster embedded + PPT attached: singing_bowl_product.pdf
ergt@internationalbeveragenetwork.co,"Wine And Spirits Distributors Importers In Usa, China, Uk, Japan ...",Export Partnership Proposal - Premium Singing Bowls Supplier,2026-09-09 00:20:10,Sent,Inline poster embedded + PPT attached: singing_bowl_product.pdf
ec8@yao.co,Singing Bowls Importers,Export Partnership Proposal - Premium Singing Bowls Supplier,2026-09-09 00:20:10,Skipped,Already contacted previously
info@soundtopia.co,Contact,Export Partnership Proposal - Premium Singing Bowls Supplier,2026-09-09 00:20:10,Skipped,Already contacted previously
business@besthimalaya.co,Wholesale Singing Bowl Shipping & Lead Times,Export Partnership Proposal - Premium Singing Bowls Supplier,2026-09-09 00:20:10,Skipped,Already contacted previously
contactus@tradekey.co,"Usa Singing Bowls Importers, Buyers And Distributors",Export Partnership Proposal - Premium Singing Bowls Supplier,2026-09-09 00:20:10,Skipped,Already contacted previously
export@singingbowlsspecialist.co,"Premium Singing Bowls Exporter To Usa, Best Tibetan Handcrafted ...",Export Partnership Proposal - Premium Singing Bowls Supplier,2026-09-09 00:20:10,Skipped,Already contacted previously
gopaliimports@gmail.co,Gopali Authentic Tibetan Singing Bowls & Sound Healing In St ...,Export Partnership Proposal - Premium Singing Bowls Supplier,2026-09-09 00:20:10,Skipped,Already contacted previously
siteinfo@frbservices.org,Wholesale Testing Services,Export Partnership Proposal - Premium Singing Bowls Supplier,2026-09-09 23:20:03,Sent,Inline poster embedded + PPT attached: singing_bowl_product.pdf
frank.cancelloni@jimthompson.com,Tibetan Sun,Export Partnership Proposal - Premium Singing Bowls Supplier,2026-09-09 23:20:42,Sent,Inline poster embedded + PPT attached: singing_bowl_product.pdf
help@newyorker.com,Warm Chickpea Bowls With Lemony Yogurt Recipe,Export Partnership Proposal - Premium Singing Bowls Supplier,2026-09-09 23:21:18,Sent,Inline poster embedded + PPT attached: singing_bowl_product.pdf
membership@wcs.org,Himalayan Highlands,Export Partnership Proposal - Premium Singing Bowls Supplier,2026-09-09 23:21:56,Sent,Inline poster embedded + PPT attached: singing_bowl_product.pdf
global.mindfulness.center@gmail.com,Meditation,Export Partnership Proposal - Premium Singing Bowls Supplier,2026-09-09 23:22:33,Sent,Inline poster embedded + PPT attached: singing_bowl_product.pdf
460ff4620fa44cba8df530afde949785@sentry.wixpress.com,Himalayan Singing Bowls,Export Partnership Proposal - Premium Singing Bowls Supplier,2026-09-09 23:23:10,Sent,Inline poster embedded + PPT attached: singing_bowl_product.pdf
nancy@salwen.net,Learn To Sing With Confidence And Joy,Export Partnership Proposal - Premium Singing Bowls Supplier,2026-09-09 23:23:46,Sent,Inline poster embedded + PPT attached: singing_bowl_product.pdf
you@email.com,The Singing Bowl Manufacturer & Exporter Since 1959,Export Partnership Proposal - Premium Singing Bowls Supplier,2026-09-09 23:24:23,Sent,Inline poster embedded + PPT attached: singing_bowl_product.pdf
info@companybar.co,Company,Export Partnership Proposal - Premium Singing Bowls Supplier,2026-09-09 23:25:00,Sent,Inline poster embedded + PPT attached: singing_bowl_product.pdf
325506e3332d487999567a7bc91d151d@bug-reporting-xalgha6.m-w.com,Company Definition & Meaning,Export Partnership Proposal - Premium Singing Bowls Supplier,2026-09-09 23:25:37,Sent,Inline poster embedded + PPT attached: singing_bowl_product.pdf
dd@gmail.com,Singing Bowls,Export Partnership Proposal - Premium Singing Bowls Supplier,2026-09-09 23:25:41,Skipped,Already contacted previously
5d1795a2db124a268f1e1bd88f503500@sentry.wixpress.com,Himalayan Singing Bowls,Export Partnership Proposal - Premium Singing Bowls Supplier,2026-09-09 23:25:42,Skipped,Already contacted previously
orders.soundworks@gmail.com,Chunky Wands For Himalayan Singing Bowls – Soundworkssoundtherapy,Export Partnership Proposal - Premium Singing Bowls Supplier,2026-09-09 23:25:42,Skipped,Already contacted previously
info@originalbuddhas.com,Himalayan Singing Bowls,Export Partnership Proposal - Premium Singing Bowls Supplier,2026-09-09 23:25:42,Skipped,Already contacted previously
dd0a55ccb8124b9c9d938e3acf41f8aa@sentry.wixpress.com,Himalayan Singing Bowls,Export Partnership Proposal - Premium Singing Bowls Supplier,2026-09-09 23:25:42,Skipped,Already contacted previously
support@soundworkssoundtherapy.com,Chunky Wands For Himalayan Singing Bowls – Soundworkssoundtherapy,Export Partnership Proposal - Premium Singing Bowls Supplier,2026-09-09 23:25:42,Skipped,Already contacted previously
info@himalayansoundsingingbowl.com,Contact,Export Partnership Proposal - Premium Singing Bowls Supplier,2026-09-09 23:25:42,Skipped,Already contacted previously
susan@terremusic.com,Singing Bowl,Export Partnership Proposal - Premium Singing Bowls Supplier,2026-09-09 23:25:42,Skipped,Already contacted previously
bachhaladevitraders76@gmail.com,"Contact Us, Singing Bowl Sounds",Export Partnership Proposal - Premium Singing Bowls Supplier,2026-09-09 23:25:42,Skipped,Already contacted previously
support@silentmindbowls.com,Site Notice – Silent Mind,Export Partnership Proposal - Premium Singing Bowls Supplier,2026-09-09 23:25:42,Skipped,Already contacted previously
941071-855-225-7372info@thegongshop.com,Singing Bowls – The Gong Shop,Export Partnership Proposal - Premium Singing Bowls Supplier,2026-09-09 23:25:42,Skipped,Already contacted previously
sales@theeveresttrader.com,Tibetan Singing Bowls – The Everest Trader,Export Partnership Proposal - Premium Singing Bowls Supplier,2026-09-09 23:25:42,Skipped,Already contacted previously
hello@shantibowl.com,Contact Us,Export Partnership Proposal - Premium Singing Bowls Supplier,2026-09-09 23:25:42,Skipped,Already contacted previously
shop@wu-dang-pai.de,Singing Bowl,Export Partnership Proposal - Premium Singing Bowls Supplier,2026-09-09 23:25:42,Skipped,Already contacted previously
info@dharmashop.com,Wholesale Singing Bowls,Export Partnership Proposal - Premium Singing Bowls Supplier,2026-09-09 23:25:42,Skipped,Already contacted previously
sara@soundello.com,"Crystal Singing Bowl, Manufacturer – Soundello",Export Partnership Proposal - Premium Singing Bowls Supplier,2026-09-09 23:25:42,Skipped,Already contacted previously
knightpeople@msn.com,Temple Sounds Tibetan Singing Bowls,Export Partnership Proposal - Premium Singing Bowls Supplier,2026-09-09 23:25:42,Skipped,Already contacted previously
ryanlstanley@hotmail.com,Crystal Tones® Alchemy Crystal Singing Bowls – Sacred Sound Of The Soul,Export Partnership Proposal - Premium Singing Bowls Supplier,2026-09-09 23:25:42,Skipped,Already contacted previously
oceanic@oceaniclink.com,Singing Bowls,Export Partnership Proposal - Premium Singing Bowls Supplier,2026-09-09 23:25:42,Skipped,Already contacted previously
brs@yao.com,Singing Bowls Importers,Export Partnership Proposal - Premium Singing Bowls Supplier,2026-09-09 23:25:42,Skipped,Already contacted previously
narek@musicofwisdom.com,The Complete Guide To Buying A Singing Bowl,Export Partnership Proposal - Premium Singing Bowls Supplier,2026-09-09 23:25:42,Skipped,Already contacted previously
support@katmandutrading.com,Wholesale Singing Bowl,Export Partnership Proposal - Premium Singing Bowls Supplier,2026-09-09 23:25:42,Skipped,Already contacted previously
myname@email.com,Himalayan Blackberry Pie,Export Partnership Proposal - Premium Singing Bowls Supplier,2026-09-09 23:25:42,Skipped,Already contacted previously
intake@cycleworld.com,"A 3,500",Export Partnership Proposal - Premium Singing Bowls Supplier,2026-09-09 23:25:42,Skipped,Already contacted previously
contactwhatsinthepan@gmail.com,Himalayan Salt Vs Sea Salt,Export Partnership Proposal - Premium Singing Bowls Supplier,2026-09-09 23:25:42,Skipped,Already contacted previously
legislative.affairs@eda.gov,Contact Us,Export Partnership Proposal - Premium Singing Bowls Supplier,2026-09-09 23:25:42,Skipped,Already contacted previously
admissions@reformationbiblecollege.org,The Value Of Hymn Singing,Export Partnership Proposal - Premium Singing Bowls Supplier,2026-09-09 23:25:42,Skipped,Already contacted previously
guy@bellsofbliss.com,About Our Singing Bowls,Export Partnership Proposal - Premium Singing Bowls Supplier,2026-09-09 23:25:42,Skipped,Already contacted previously
jayapal.casework@mail.house.gov,Email,Export Partnership Proposal - Premium Singing Bowls Supplier,2026-09-09 23:25:42,Skipped,Already contacted previously
contact@tarabrach.com,Meditation,Export Partnership Proposal - Premium Singing Bowls Supplier,2026-09-09 23:25:42,Skipped,Already contacted previously
help@mapquest.com,"Himalayan Singing Bowl And Trading, Street 17, Pokhara, Np",Export Partnership Proposal - Premium Singing Bowls Supplier,2026-09-09 23:25:42,Skipped,Already contacted previously
seaofart@gmail.com,Contact,Export Partnership Proposal - Premium Singing Bowls Supplier,2026-09-09 23:25:42,Skipped,Already contacted previously
accuracy@usatoday.com,Usa Today,Export Partnership Proposal - Premium Singing Bowls Supplier,2026-09-09 23:25:42,Skipped,Already contacted previously
info@thegongshop.com,Singing Bowls,Export Partnership Proposal - Premium Singing Bowls Supplier,2026-09-09 23:25:42,Skipped,Already contacted previously
wholesale@stansdonuts.com,Wholesale,Export Partnership Proposal - Premium Singing Bowls Supplier,2026-09-09 23:25:42,Skipped,Already contacted previously
syswtscustomertesting@frb.org,Wholesale Testing Services,Export Partnership Proposal - Premium Singing Bowls Supplier,2026-09-09 23:25:42,Skipped,Already contacted previously
enquiries@jimthompson.com,Tibetan Sun,Export Partnership Proposal - Premium Singing Bowls Supplier,2026-09-09 23:25:42,Skipped,Already contacted previously
diane.landry@wcax.com,"Vermont’S Tibetan, Nepalese Communities Grieve After Flooding",Export Partnership Proposal - Premium Singing Bowls Supplier,2026-09-09 23:25:42,Skipped,Already contacted previously
info@perennialsfabrics.com,Brush Work Tibetan Knot,Export Partnership Proposal - Premium Singing Bowls Supplier,2026-09-09 23:25:42,Skipped,Already contacted previously
eva@thecuriouschickpea.com,Tibetan Vegetable Momos With Spicy Sesame Tomato Chutney • The Curious Chickpea,Export Partnership Proposal - Premium Singing Bowls Supplier,2026-09-09 23:25:42,Skipped,Already contacted previously
info@artoftibet.com,Singing Bowl,Export Partnership Proposal - Premium Singing Bowls Supplier,2026-09-09 23:25:42,Skipped,Already contacted previously
hello@mindfulstore.com.au,Singing Sound Bowl Wholesale Supplier,Export Partnership Proposal - Premium Singing Bowls Supplier,2026-09-09 23:25:42,Skipped,Already contacted previously
tips@rideapart.com,Buying Something Other Than A Royal Enfield Himalayan ...,Export Partnership Proposal - Premium Singing Bowls Supplier,2026-09-09 23:25:42,Skipped,Already contacted previously
nepalartshop@outlook.com,Tibetan Therapy Singing Bowls – Human Body Healing Throungh Sound Bowls,Export Partnership Proposal - Premium Singing Bowls Supplier,2026-09-09 23:25:42,Skipped,Already contacted previously
info@accessoryarcade.com,Wholesale Yoga Accessories & Equipment Supply To Usa,Export Partnership Proposal - Premium Singing Bowls Supplier,2026-09-09 23:25:42,Skipped,Already contacted previously
besthimalayaglobal@gmail.co,Wholesale Singing Bowl Shipping & Lead Times,Export Partnership Proposal - Premium Singing Bowls Supplier,2026-09-09 23:25:42,Skipped,Already contacted previously
support@studenthandicrafts.co,Singing Bowl Wholesale From Nepal,Export Partnership Proposal - Premium Singing Bowls Supplier,2026-09-09 23:25:42,Skipped,Already contacted previously
info@bodhisattva.co,Bodhisattva Trading Company,Export Partnership Proposal - Premium Singing Bowls Supplier,2026-09-09 23:25:42,Skipped,Already contacted previously
info@bowlsound.co,Contact Us – Singing Bowl Sound And Craft,Export Partnership Proposal - Premium Singing Bowls Supplier,2026-09-09 23:25:42,Skipped,Already contacted previously
bowlsofsound44@gmail.co,Contact – Bowls Of Sound,Export Partnership Proposal - Premium Singing Bowls Supplier,2026-09-09 23:25:42,Skipped,Already contacted previously
%20sales@mefree.co,Wholesale Yoga Props,Export Partnership Proposal - Premium Singing Bowls Supplier,2026-09-09 23:25:42,Skipped,Already contacted previously
support@smokeaxis.co,Vd Importers — Wholesale Distributor In Florida,Export Partnership Proposal - Premium Singing Bowls Supplier,2026-09-09 23:25:42,Skipped,Already contacted previously
info@beveragetradenetwork.co,Directory Of Spirits Importers Worldwide,Export Partnership Proposal - Premium Singing Bowls Supplier,2026-09-09 23:25:42,Skipped,Already contacted previously
info@bestwineimporters.co,"Spirits Importers, Distributors Platform",Export Partnership Proposal - Premium Singing Bowls Supplier,2026-09-09 23:25:42,Skipped,Already contacted previously
aakash@usaspiritsratings.co,"Kontapel, Ukrainian Brand Now Calling Usa Spirits Importers ...",Export Partnership Proposal - Premium Singing Bowls Supplier,2026-09-09 23:25:42,Skipped,Already contacted previously
ergt@internationalbeveragenetwork.co,"Wine And Spirits Distributors Importers In Usa, China, Uk, Japan ...",Export Partnership Proposal - Premium Singing Bowls Supplier,2026-09-09 23:25:42,Skipped,Already contacted previously
ec8@yao.co,Singing Bowls Importers,Export Partnership Proposal - Premium Singing Bowls Supplier,2026-09-09 23:25:42,Skipped,Already contacted previously
info@soundtopia.co,Contact,Export Partnership Proposal - Premium Singing Bowls Supplier,2026-09-09 23:25:42,Skipped,Already contacted previously
business@besthimalaya.co,Wholesale Singing Bowl Shipping & Lead Times,Export Partnership Proposal - Premium Singing Bowls Supplier,2026-09-09 23:25:42,Skipped,Already contacted previously
contactus@tradekey.co,"Usa Singing Bowls Importers, Buyers And Distributors",Export Partnership Proposal - Premium Singing Bowls Supplier,2026-09-09 23:25:42,Skipped,Already contacted previously
export@singingbowlsspecialist.co,"Premium Singing Bowls Exporter To Usa, Best Tibetan Handcrafted ...",Export Partnership Proposal - Premium Singing Bowls Supplier,2026-09-09 23:25:42,Skipped,Already contacted previously
gopaliimports@gmail.co,Gopali Authentic Tibetan Singing Bowls & Sound Healing In St ...,Export Partnership Proposal - Premium Singing Bowls Supplier,2026-09-09 23:25:42,Skipped,Already contacted previously
info@indiancraftcentre.co,About Us,Export Partnership Proposal - Premium Singing Bowls Supplier,2026-09-09 23:26:14,Sent,Inline poster embedded + PPT attached: singing_bowl_product.pdf
info@ranasingingbowlcentre.co,Singing Bowl Exporters,Export Partnership Proposal - Premium Singing Bowls Supplier,2026-09-09 23:26:50,Sent,Inline poster embedded + PPT attached: singing_bowl_product.pdf
contact@domain.co,"Singing Bowl Manufacturer, Himalayan Tibetan Hand Made Singing ...",Export Partnership Proposal - Premium Singing Bowls Supplier,2026-09-09 23:27:28,Sent,Inline poster embedded + PPT attached: singing_bowl_product.pdf
info@accessoryarcade.co,Wholesale Yoga Accessories & Equipment Supply To Usa,Export Partnership Proposal - Premium Singing Bowls Supplier,2026-09-09 23:28:07,Sent,Inline poster embedded + PPT attached: singing_bowl_product.pdf
info@rawsomeshack.com,Trader,Export Partnership Proposal - Premium Singing Bowls Supplier,2026-09-09 23:28:45,Sent,Inline poster embedded + PPT attached: singing_bowl_product.pdf
contact@fitness-wholesale.co,Meditation,Export Partnership Proposal - Premium Singing Bowls Supplier,2026-09-09 23:29:23,Sent,Inline poster embedded + PPT attached: singing_bowl_product.pdf
info@naviexports.co,Yoga & Wellness Products Exporters & Suppliers,Export Partnership Proposal - Premium Singing Bowls Supplier,2026-09-09 23:30:00,Sent,Inline poster embedded + PPT attached: singing_bowl_product.pdf
admin1405@suryaincense.co,The Surya Exports,Export Partnership Proposal - Premium Singing Bowls Supplier,2026-09-09 23:30:40,Sent,Inline poster embedded + PPT attached: singing_bowl_product.pdf
info@meghaaromatics.co,Viajyshree Golden Nag Meditation Incense Sticks Online,Export Partnership Proposal - Premium Singing Bowls Supplier,2026-09-09 23:31:19,Sent,Inline poster embedded + PPT attached: singing_bowl_product.pdf
helpme@yogahustle.co,"Wholesale Yoga Mats, Yoga Props, Yoga Equipment With Yoga Hustle",Export Partnership Proposal - Premium Singing Bowls Supplier,2026-09-09 23:32:01,Sent,Inline poster embedded + PPT attached: singing_bowl_product.pdf
sales@mefree.co,Wholesale Yoga Props,Export Partnership Proposal - Premium Singing Bowls Supplier,2026-09-09 23:32:39,Sent,Inline poster embedded + PPT attached: singing_bowl_product.pdf
info@wholesalechess.com,"Chess Sets, Boards, Pieces, & Supplies",Export Partnership Proposal - Premium Singing Bowls Supplier,2026-09-09 23:33:11,Sent,Inline poster embedded + PPT attached: singing_bowl_product.pdf
email@example.co,The Sound Journey Store,Export Partnership Proposal - Premium Singing Bowls Supplier,2026-09-09 23:33:16,Sent,Inline poster embedded + PPT attached: singing_bowl_product.pdf
info@buyerpersona.com,Home,Export Partnership Proposal - Premium Singing Bowls Supplier,2026-09-09 23:33:48,Sent,Inline poster embedded + PPT attached: singing_bowl_product.pdf
orderdesk@natures-artifacts.co,Home Page,Export Partnership Proposal - Premium Singing Bowls Supplier,2026-09-09 23:33:54,Sent,Inline poster embedded + PPT attached: singing_bowl_product.pdf
youremail@mail.com,Tibetan Sun,Export Partnership Proposal - Premium Singing Bowls Supplier,2026-09-09 23:34:26,Sent,Inline poster embedded + PPT attached: singing_bowl_product.pdf
example@yourdomain.co,Zed Black,Export Partnership Proposal - Premium Singing Bowls Supplier,2026-09-09 23:34:30,Sent,Inline poster embedded + PPT attached: singing_bowl_product.pdf
onlinetickets@wcs.org,Himalayan Highlands,Export Partnership Proposal - Premium Singing Bowls Supplier,2026-09-09 23:35:04,Sent,Inline poster embedded + PPT attached: singing_bowl_product.pdf
scalaneinternational@gmail.co,Incense Stick Exporter From India,Export Partnership Proposal - Premium Singing Bowls Supplier,2026-09-09 23:35:07,Sent,Inline poster embedded + PPT attached: singing_bowl_product.pdf
2062d0a4929b45348643784b5cb39c36@sentry.wixpress.com,Himalayan Singing Bowls,Export Partnership Proposal - Premium Singing Bowls Supplier,2026-09-09 23:35:41,Sent,Inline poster embedded + PPT attached: singing_bowl_product.pdf
sales@yanrefitness.co,Wholesale Cork Yoga Mat,Export Partnership Proposal - Premium Singing Bowls Supplier,2026-09-09 23:35:44,Sent,Inline poster embedded + PPT attached: singing_bowl_product.pdf
siteinfo@frbservices.org,Wholesale Testing Services,Export Partnership Proposal - Premium Singing Bowls Supplier,2026-09-09 23:36:19,Skipped,Already contacted previously
frank.cancelloni@jimthompson.com,Tibetan Sun,Export Partnership Proposal - Premium Singing Bowls Supplier,2026-09-09 23:36:19,Skipped,Already contacted previously
help@newyorker.com,Warm Chickpea Bowls With Lemony Yogurt Recipe,Export Partnership Proposal - Premium Singing Bowls Supplier,2026-09-09 23:36:19,Skipped,Already contacted previously
membership@wcs.org,Himalayan Highlands,Export Partnership Proposal - Premium Singing Bowls Supplier,2026-09-09 23:36:19,Skipped,Already contacted previously
global.mindfulness.center@gmail.com,Meditation,Export Partnership Proposal - Premium Singing Bowls Supplier,2026-09-09 23:36:19,Skipped,Already contacted previously
460ff4620fa44cba8df530afde949785@sentry.wixpress.com,Himalayan Singing Bowls,Export Partnership Proposal - Premium Singing Bowls Supplier,2026-09-09 23:36:19,Skipped,Already contacted previously
nancy@salwen.net,Learn To Sing With Confidence And Joy,Export Partnership Proposal - Premium Singing Bowls Supplier,2026-09-09 23:36:19,Skipped,Already contacted previously
you@email.com,The Singing Bowl Manufacturer & Exporter Since 1959,Export Partnership Proposal - Premium Singing Bowls Supplier,2026-09-09 23:36:19,Skipped,Already contacted previously
info@companybar.co,Company,Export Partnership Proposal - Premium Singing Bowls Supplier,2026-09-09 23:36:19,Skipped,Already contacted previously
325506e3332d487999567a7bc91d151d@bug-reporting-xalgha6.m-w.com,Company Definition & Meaning,Export Partnership Proposal - Premium Singing Bowls Supplier,2026-09-09 23:36:19,Skipped,Already contacted previously
dd@gmail.com,Singing Bowls,Export Partnership Proposal - Premium Singing Bowls Supplier,2026-09-09 23:36:19,Skipped,Already contacted previously
5d1795a2db124a268f1e1bd88f503500@sentry.wixpress.com,Himalayan Singing Bowls,Export Partnership Proposal - Premium Singing Bowls Supplier,2026-09-09 23:36:19,Skipped,Already contacted previously
orders.soundworks@gmail.com,Chunky Wands For Himalayan Singing Bowls – Soundworkssoundtherapy,Export Partnership Proposal - Premium Singing Bowls Supplier,2026-09-09 23:36:19,Skipped,Already contacted previously
info@originalbuddhas.com,Himalayan Singing Bowls,Export Partnership Proposal - Premium Singing Bowls Supplier,2026-09-09 23:36:19,Skipped,Already contacted previously
dd0a55ccb8124b9c9d938e3acf41f8aa@sentry.wixpress.com,Himalayan Singing Bowls,Export Partnership Proposal - Premium Singing Bowls Supplier,2026-09-09 23:36:19,Skipped,Already contacted previously
support@soundworkssoundtherapy.com,Chunky Wands For Himalayan Singing Bowls – Soundworkssoundtherapy,Export Partnership Proposal - Premium Singing Bowls Supplier,2026-09-09 23:36:19,Skipped,Already contacted previously
info@himalayansoundsingingbowl.com,Contact,Export Partnership Proposal - Premium Singing Bowls Supplier,2026-09-09 23:36:19,Skipped,Already contacted previously
susan@terremusic.com,Singing Bowl,Export Partnership Proposal - Premium Singing Bowls Supplier,2026-09-09 23:36:19,Skipped,Already contacted previously
bachhaladevitraders76@gmail.com,"Contact Us, Singing Bowl Sounds",Export Partnership Proposal - Premium Singing Bowls Supplier,2026-09-09 23:36:19,Skipped,Already contacted previously
support@silentmindbowls.com,Site Notice – Silent Mind,Export Partnership Proposal - Premium Singing Bowls Supplier,2026-09-09 23:36:19,Skipped,Already contacted previously
941071-855-225-7372info@thegongshop.com,Singing Bowls – The Gong Shop,Export Partnership Proposal - Premium Singing Bowls Supplier,2026-09-09 23:36:19,Skipped,Already contacted previously
sales@theeveresttrader.com,Tibetan Singing Bowls – The Everest Trader,Export Partnership Proposal - Premium Singing Bowls Supplier,2026-09-09 23:36:19,Skipped,Already contacted previously
hello@shantibowl.com,Contact Us,Export Partnership Proposal - Premium Singing Bowls Supplier,2026-09-09 23:36:19,Skipped,Already contacted previously
shop@wu-dang-pai.de,Singing Bowl,Export Partnership Proposal - Premium Singing Bowls Supplier,2026-09-09 23:36:19,Skipped,Already contacted previously
info@dharmashop.com,Wholesale Singing Bowls,Export Partnership Proposal - Premium Singing Bowls Supplier,2026-09-09 23:36:19,Skipped,Already contacted previously
sara@soundello.com,"Crystal Singing Bowl, Manufacturer – Soundello",Export Partnership Proposal - Premium Singing Bowls Supplier,2026-09-09 23:36:19,Skipped,Already contacted previously
knightpeople@msn.com,Temple Sounds Tibetan Singing Bowls,Export Partnership Proposal - Premium Singing Bowls Supplier,2026-09-09 23:36:19,Skipped,Already contacted previously
ryanlstanley@hotmail.com,Crystal Tones® Alchemy Crystal Singing Bowls – Sacred Sound Of The Soul,Export Partnership Proposal - Premium Singing Bowls Supplier,2026-09-09 23:36:19,Skipped,Already contacted previously
oceanic@oceaniclink.com,Singing Bowls,Export Partnership Proposal - Premium Singing Bowls Supplier,2026-09-09 23:36:19,Skipped,Already contacted previously
brs@yao.com,Singing Bowls Importers,Export Partnership Proposal - Premium Singing Bowls Supplier,2026-09-09 23:36:19,Skipped,Already contacted previously
narek@musicofwisdom.com,The Complete Guide To Buying A Singing Bowl,Export Partnership Proposal - Premium Singing Bowls Supplier,2026-09-09 23:36:19,Skipped,Already contacted previously
support@katmandutrading.com,Wholesale Singing Bowl,Export Partnership Proposal - Premium Singing Bowls Supplier,2026-09-09 23:36:19,Skipped,Already contacted previously
myname@email.com,Himalayan Blackberry Pie,Export Partnership Proposal - Premium Singing Bowls Supplier,2026-09-09 23:36:19,Skipped,Already contacted previously
intake@cycleworld.com,"A 3,500",Export Partnership Proposal - Premium Singing Bowls Supplier,2026-09-09 23:36:19,Skipped,Already contacted previously
contactwhatsinthepan@gmail.com,Himalayan Salt Vs Sea Salt,Export Partnership Proposal - Premium Singing Bowls Supplier,2026-09-09 23:36:19,Skipped,Already contacted previously
legislative.affairs@eda.gov,Contact Us,Export Partnership Proposal - Premium Singing Bowls Supplier,2026-09-09 23:36:19,Skipped,Already contacted previously
admissions@reformationbiblecollege.org,The Value Of Hymn Singing,Export Partnership Proposal - Premium Singing Bowls Supplier,2026-09-09 23:36:19,Skipped,Already contacted previously
guy@bellsofbliss.com,About Our Singing Bowls,Export Partnership Proposal - Premium Singing Bowls Supplier,2026-09-09 23:36:19,Skipped,Already contacted previously
jayapal.casework@mail.house.gov,Email,Export Partnership Proposal - Premium Singing Bowls Supplier,2026-09-09 23:36:19,Skipped,Already contacted previously
contact@tarabrach.com,Meditation,Export Partnership Proposal - Premium Singing Bowls Supplier,2026-09-09 23:36:19,Skipped,Already contacted previously
help@mapquest.com,"Himalayan Singing Bowl And Trading, Street 17, Pokhara, Np",Export Partnership Proposal - Premium Singing Bowls Supplier,2026-09-09 23:36:19,Skipped,Already contacted previously
seaofart@gmail.com,Contact,Export Partnership Proposal - Premium Singing Bowls Supplier,2026-09-09 23:36:19,Skipped,Already contacted previously
accuracy@usatoday.com,Usa Today,Export Partnership Proposal - Premium Singing Bowls Supplier,2026-09-09 23:36:19,Skipped,Already contacted previously
info@thegongshop.com,Singing Bowls,Export Partnership Proposal - Premium Singing Bowls Supplier,2026-09-09 23:36:19,Skipped,Already contacted previously
wholesale@stansdonuts.com,Wholesale,Export Partnership Proposal - Premium Singing Bowls Supplier,2026-09-09 23:36:19,Skipped,Already contacted previously
syswtscustomertesting@frb.org,Wholesale Testing Services,Export Partnership Proposal - Premium Singing Bowls Supplier,2026-09-09 23:36:19,Skipped,Already contacted previously
enquiries@jimthompson.com,Tibetan Sun,Export Partnership Proposal - Premium Singing Bowls Supplier,2026-09-09 23:36:19,Skipped,Already contacted previously
diane.landry@wcax.com,"Vermont’S Tibetan, Nepalese Communities Grieve After Flooding",Export Partnership Proposal - Premium Singing Bowls Supplier,2026-09-09 23:36:19,Skipped,Already contacted previously
info@perennialsfabrics.com,Brush Work Tibetan Knot,Export Partnership Proposal - Premium Singing Bowls Supplier,2026-09-09 23:36:19,Skipped,Already contacted previously
eva@thecuriouschickpea.com,Tibetan Vegetable Momos With Spicy Sesame Tomato Chutney • The Curious Chickpea,Export Partnership Proposal - Premium Singing Bowls Supplier,2026-09-09 23:36:19,Skipped,Already contacted previously
info@artoftibet.com,Singing Bowl,Export Partnership Proposal - Premium Singing Bowls Supplier,2026-09-09 23:36:19,Skipped,Already contacted previously
hello@mindfulstore.com.au,Singing Sound Bowl Wholesale Supplier,Export Partnership Proposal - Premium Singing Bowls Supplier,2026-09-09 23:36:19,Skipped,Already contacted previously
tips@rideapart.com,Buying Something Other Than A Royal Enfield Himalayan ...,Export Partnership Proposal - Premium Singing Bowls Supplier,2026-09-09 23:36:19,Skipped,Already contacted previously
nepalartshop@outlook.com,Tibetan Therapy Singing Bowls – Human Body Healing Throungh Sound Bowls,Export Partnership Proposal - Premium Singing Bowls Supplier,2026-09-09 23:36:19,Skipped,Already contacted previously
info@accessoryarcade.com,Wholesale Yoga Accessories & Equipment Supply To Usa,Export Partnership Proposal - Premium Singing Bowls Supplier,2026-09-09 23:36:19,Skipped,Already contacted previously
besthimalayaglobal@gmail.co,Wholesale Singing Bowl Shipping & Lead Times,Export Partnership Proposal - Premium Singing Bowls Supplier,2026-09-09 23:36:19,Skipped,Already contacted previously
support@studenthandicrafts.co,Singing Bowl Wholesale From Nepal,Export Partnership Proposal - Premium Singing Bowls Supplier,2026-09-09 23:36:19,Skipped,Already contacted previously
info@bodhisattva.co,Bodhisattva Trading Company,Export Partnership Proposal - Premium Singing Bowls Supplier,2026-09-09 23:36:19,Skipped,Already contacted previously
info@bowlsound.co,Contact Us – Singing Bowl Sound And Craft,Export Partnership Proposal - Premium Singing Bowls Supplier,2026-09-09 23:36:19,Skipped,Already contacted previously
bowlsofsound44@gmail.co,Contact – Bowls Of Sound,Export Partnership Proposal - Premium Singing Bowls Supplier,2026-09-09 23:36:19,Skipped,Already contacted previously
%20sales@mefree.co,Wholesale Yoga Props,Export Partnership Proposal - Premium Singing Bowls Supplier,2026-09-09 23:36:19,Skipped,Already contacted previously
support@smokeaxis.co,Vd Importers — Wholesale Distributor In Florida,Export Partnership Proposal - Premium Singing Bowls Supplier,2026-09-09 23:36:19,Skipped,Already contacted previously
info@beveragetradenetwork.co,Directory Of Spirits Importers Worldwide,Export Partnership Proposal - Premium Singing Bowls Supplier,2026-09-09 23:36:19,Skipped,Already contacted previously
info@bestwineimporters.co,"Spirits Importers, Distributors Platform",Export Partnership Proposal - Premium Singing Bowls Supplier,2026-09-09 23:36:19,Skipped,Already contacted previously
aakash@usaspiritsratings.co,"Kontapel, Ukrainian Brand Now Calling Usa Spirits Importers ...",Export Partnership Proposal - Premium Singing Bowls Supplier,2026-09-09 23:36:19,Skipped,Already contacted previously
ergt@internationalbeveragenetwork.co,"Wine And Spirits Distributors Importers In Usa, China, Uk, Japan ...",Export Partnership Proposal - Premium Singing Bowls Supplier,2026-09-09 23:36:19,Skipped,Already contacted previously
ec8@yao.co,Singing Bowls Importers,Export Partnership Proposal - Premium Singing Bowls Supplier,2026-09-09 23:36:19,Skipped,Already contacted previously
info@soundtopia.co,Contact,Export Partnership Proposal - Premium Singing Bowls Supplier,2026-09-09 23:36:19,Skipped,Already contacted previously
business@besthimalaya.co,Wholesale Singing Bowl Shipping & Lead Times,Export Partnership Proposal - Premium Singing Bowls Supplier,2026-09-09 23:36:19,Skipped,Already contacted previously
contactus@tradekey.co,"Usa Singing Bowls Importers, Buyers And Distributors",Export Partnership Proposal - Premium Singing Bowls Supplier,2026-09-09 23:36:19,Skipped,Already contacted previously
export@singingbowlsspecialist.co,"Premium Singing Bowls Exporter To Usa, Best Tibetan Handcrafted ...",Export Partnership Proposal - Premium Singing Bowls Supplier,2026-09-09 23:36:19,Skipped,Already contacted previously
gopaliimports@gmail.co,Gopali Authentic Tibetan Singing Bowls & Sound Healing In St ...,Export Partnership Proposal - Premium Singing Bowls Supplier,2026-09-09 23:36:19,Skipped,Already contacted previously
info@indiancraftcentre.co,About Us,Export Partnership Proposal - Premium Singing Bowls Supplier,2026-09-09 23:36:19,Skipped,Already contacted previously
info@ranasingingbowlcentre.co,Singing Bowl Exporters,Export Partnership Proposal - Premium Singing Bowls Supplier,2026-09-09 23:36:19,Skipped,Already contacted previously
contact@domain.co,"Singing Bowl Manufacturer, Himalayan Tibetan Hand Made Singing ...",Export Partnership Proposal - Premium Singing Bowls Supplier,2026-09-09 23:36:19,Skipped,Already contacted previously
info@accessoryarcade.co,Wholesale Yoga Accessories & Equipment Supply To Usa,Export Partnership Proposal - Premium Singing Bowls Supplier,2026-09-09 23:36:19,Skipped,Already contacted previously
info@rawsomeshack.com,Trader,Export Partnership Proposal - Premium Singing Bowls Supplier,2026-09-09 23:36:19,Skipped,Already contacted previously
contact@fitness-wholesale.co,Meditation,Export Partnership Proposal - Premium Singing Bowls Supplier,2026-09-09 23:36:19,Skipped,Already contacted previously
info@naviexports.co,Yoga & Wellness Products Exporters & Suppliers,Export Partnership Proposal - Premium Singing Bowls Supplier,2026-09-09 23:36:19,Skipped,Already contacted previously
admin1405@suryaincense.co,The Surya Exports,Export Partnership Proposal - Premium Singing Bowls Supplier,2026-09-09 23:36:19,Skipped,Already contacted previously
info@meghaaromatics.co,Viajyshree Golden Nag Meditation Incense Sticks Online,Export Partnership Proposal - Premium Singing Bowls Supplier,2026-09-09 23:36:19,Skipped,Already contacted previously
helpme@yogahustle.co,"Wholesale Yoga Mats, Yoga Props, Yoga Equipment With Yoga Hustle",Export Partnership Proposal - Premium Singing Bowls Supplier,2026-09-09 23:36:19,Skipped,Already contacted previously
sales@mefree.co,Wholesale Yoga Props,Export Partnership Proposal - Premium Singing Bowls Supplier,2026-09-09 23:36:19,Skipped,Already contacted previously
email@example.co,The Sound Journey Store,Export Partnership Proposal - Premium Singing Bowls Supplier,2026-09-09 23:36:19,Skipped,Already contacted previously
orderdesk@natures-artifacts.co,Home Page,Export Partnership Proposal - Premium Singing Bowls Supplier,2026-09-09 23:36:19,Skipped,Already contacted previously
example@yourdomain.co,Zed Black,Export Partnership Proposal - Premium Singing Bowls Supplier,2026-09-09 23:36:19,Skipped,Already contacted previously
scalaneinternational@gmail.co,Incense Stick Exporter From India,Export Partnership Proposal - Premium Singing Bowls Supplier,2026-09-09 23:36:19,Skipped,Already contacted previously
sales@yanrefitness.co,Wholesale Cork Yoga Mat,Export Partnership Proposal - Premium Singing Bowls Supplier,2026-09-09 23:36:19,Skipped,Already contacted previously
xxx@xxx.xxx,"Boxing, Mma, Yoga, Fitness, Combat Sports Equipment & Gear ...",Export Partnership Proposal - Premium Singing Bowls Supplier,2026-09-09 23:36:50,Sent,Inline poster embedded + PPT attached: singing_bowl_product.pdf
info@soundtopia.com,Antique Himalayan Singing Bowl Sets,Export Partnership Proposal - Premium Singing Bowls Supplier,2026-09-09 23:36:55,Skipped,Already contacted previously
jubao@lingying.com,1000 European Garment Buyers List,Export Partnership Proposal - Premium Singing Bowls Supplier,2026-09-09 23:36:55,Skipped,Already contacted previously
info@seair.co.in,"Sungwon Distributor Llc Importer/Buyer Data In Usa, Sungwon Distributor Llc Imports Data",Export Partnership Proposal - Premium Singing Bowls Supplier,2026-09-09 23:36:55,Skipped,Already contacted previously
export@singingbowlsspecialist.com,"Premium Singing Bowls Exporter To Usa, Best Tibetan Handcrafted ...",Export Partnership Proposal - Premium Singing Bowls Supplier,2026-09-09 23:36:55,Skipped,Already contacted previously
info@nepalartshop.com,Handmade Singing Bowls,Export Partnership Proposal - Premium Singing Bowls Supplier,2026-09-09 23:36:55,Skipped,Already contacted previously
xxx@xxx.xxx,"Boxing, Mma, Yoga, Fitness, Combat Sports Equipment & Gear ...",Export Partnership Proposal - Premium Singing Bowls Supplier,2026-09-09 23:36:55,Sent,Inline poster embedded + PPT attached: singing_bowl_product.pdf
nepalartshop@gmail.com,Handmade Singing Bowls,Export Partnership Proposal - Premium Singing Bowls Supplier,2026-09-09 23:36:55,Skipped,Already contacted previously
contact@granducati.com,Contact Granducati Usa Importer & Distributor,Export Partnership Proposal - Premium Singing Bowls Supplier,2026-09-09 23:36:55,Skipped,Already contacted previously
info@indiancraftcentre.com,About Us,Export Partnership Proposal - Premium Singing Bowls Supplier,2026-09-09 23:36:55,Skipped,Already contacted previously
info@bowlsound.com,Contact Us – Singing Bowl Sound And Craft,Export Partnership Proposal - Premium Singing Bowls Supplier,2026-09-09 23:36:55,Skipped,Already contacted previously
support@himalayanbowls.com,Contact Us,Export Partnership Proposal - Premium Singing Bowls Supplier,2026-09-09 23:36:55,Skipped,Already contacted previously
info@ranasingingbowlcentre.com,Singing Bowl Exporters,Export Partnership Proposal - Premium Singing Bowls Supplier,2026-09-09 23:36:55,Skipped,Already contacted previously
bo@synergybb.com,Importer & Distributor Business Sold,Export Partnership Proposal - Premium Singing Bowls Supplier,2026-09-09 23:36:55,Skipped,Already contacted previously
jmonemorecast@aol.com,Usa Distributor – Akios Fishing Tackle,Export Partnership Proposal - Premium Singing Bowls Supplier,2026-09-09 23:36:55,Skipped,Already contacted previously
solidrock4uall@live.com,Tequila Importer & Distributor Of Ultra Premium Tequila Products In The Usa,Export Partnership Proposal - Premium Singing Bowls Supplier,2026-09-09 23:36:55,Skipped,Already contacted previously
hello@soundtherapyshop.com,Contact Us,Export Partnership Proposal - Premium Singing Bowls Supplier,2026-09-09 23:36:55,Skipped,Already contacted previously
sales@nationaldropshippers.com,"Top 30 Leather Whole Seller In Usa (United States) ~ Top Buyer Seller List Of Usa, Uk, Canada, South Africa, Germany, India For Fashion, Leather",Export Partnership Proposal - Premium Singing Bowls Supplier,2026-09-09 23:36:55,Skipped,Already contacted previously
nishant.singingbowls@gmail.com,Handmade Singing Bowl Manufacturer And Exporter,Export Partnership Proposal - Premium Singing Bowls Supplier,2026-09-09 23:36:55,Skipped,Already contacted previously
service@stoneadd.com,"Croatia Stone Buyer, Croatian Stone Importer, Stone Wholesaler",Export Partnership Proposal - Premium Singing Bowls Supplier,2026-09-09 23:36:55,Skipped,Already contacted previously
info@saudgloves.com,"Importer, Distributor Or Agent.",Export Partnership Proposal - Premium Singing Bowls Supplier,2026-09-09 23:36:55,Skipped,Already contacted previously
customer-service@connexy.com,Jack Importer Email & Phone Number,Export Partnership Proposal - Premium Singing Bowls Supplier,2026-09-09 23:36:55,Skipped,Already contacted previously
pqsbpi@gmail.com,List Of Licensed Importers – Npqsd,Export Partnership Proposal - Premium Singing Bowls Supplier,2026-09-09 23:36:55,Skipped,Already contacted previously
info@bodhisattva.com,Bodhisattva Trading Company,Export Partnership Proposal - Premium Singing Bowls Supplier,2026-09-09 23:36:55,Skipped,Already contacted previously
ec8@yao.com,Singing Bowls Importers,Export Partnership Proposal - Premium Singing Bowls Supplier,2026-09-09 23:36:55,Skipped,Already contacted previously
business@besthimalaya.com,Handcrafted Singing Bowls In Usa,Export Partnership Proposal - Premium Singing Bowls Supplier,2026-09-09 23:36:55,Skipped,Already contacted previously
info@sacredsoundofthesoul.com,Crystal Tones® Alchemy Crystal Singing Bowls,Export Partnership Proposal - Premium Singing Bowls Supplier,2026-09-09 23:36:55,Skipped,Already contacted previously
bowlsofsound44@gmail.com,Contact – Bowls Of Sound,Export Partnership Proposal - Premium Singing Bowls Supplier,2026-09-09 23:36:55,Skipped,Already contacted previously
info@singingbowlshop.com,About Us,Export Partnership Proposal - Premium Singing Bowls Supplier,2026-09-09 23:36:55,Skipped,Already contacted previously
info@singarena.com,"Singarena – Karaoke, Ai Voice Score & Voice Rooms",Export Partnership Proposal - Premium Singing Bowls Supplier,2026-09-09 23:36:55,Skipped,Already contacted previously
support@screenapp.io,Rate My Voice,Export Partnership Proposal - Premium Singing Bowls Supplier,2026-09-09 23:36:55,Skipped,Already contacted previously
daniel@anytospeech.com,Rate My Singing,Export Partnership Proposal - Premium Singing Bowls Supplier,2026-09-09 23:36:55,Skipped,Already contacted previously
support@singmeter.com,Singmeter,Export Partnership Proposal - Premium Singing Bowls Supplier,2026-09-09 23:36:55,Skipped,Already contacted previously
sales@crystalbowlswholesale.com,Crystal Bowls Wholesale,Export Partnership Proposal - Premium Singing Bowls Supplier,2026-09-09 23:36:55,Skipped,Already contacted previously
rain@isingingbowls.com,Faqs,Export Partnership Proposal - Premium Singing Bowls Supplier,2026-09-09 23:36:55,Skipped,Already contacted previously
support@studenthandicrafts.com,Singing Bowl Wholesale From Nepal,Export Partnership Proposal - Premium Singing Bowls Supplier,2026-09-09 23:36:55,Skipped,Already contacted previously
info@ecofy.io,Clear Pet Bowl & Rectangular Lids Manufacturer,Export Partnership Proposal - Premium Singing Bowls Supplier,2026-09-09 23:36:55,Skipped,Already contacted previously
support@contactout.com,Email Finder By Contactout,Export Partnership Proposal - Premium Singing Bowls Supplier,2026-09-09 23:36:55,Skipped,Already contacted previously
epc@poet.com,Contact,Export Partnership Proposal - Premium Singing Bowls Supplier,2026-09-09 23:36:55,Skipped,Already contacted previously
business@lindenlab.com,Contact,Export Partnership Proposal - Premium Singing Bowls Supplier,2026-09-09 23:36:55,Skipped,Already contacted previously
info@mytilapia.com,Tilapia Fish And Fillet Importer/Wholesaler/Distributor,Export Partnership Proposal - Premium Singing Bowls Supplier,2026-09-09 23:36:55,Skipped,Already contacted previously
support@singingbowlsound.com,Instagram,Export Partnership Proposal - Premium Singing Bowls Supplier,2026-09-09 23:36:55,Skipped,Already contacted previously
besthimalayaglobal@gmail.com,Wholesale Singing Bowl Shipping & Lead Times,Export Partnership Proposal - Premium Singing Bowls Supplier,2026-09-09 23:36:56,Skipped,Already contacted previously
info@thesingingbowlcenter.com,The Singing Bowl Manufacturer & Exporter Since 1959,Export Partnership Proposal - Premium Singing Bowls Supplier,2026-09-09 23:36:56,Skipped,Already contacted previously
info@soundtopia.com,Antique Himalayan Singing Bowl Sets,Export Partnership Proposal - Premium Singing Bowls Supplier,2026-09-09 23:37:00,Skipped,Already contacted previously
jubao@lingying.com,1000 European Garment Buyers List,Export Partnership Proposal - Premium Singing Bowls Supplier,2026-09-09 23:37:00,Skipped,Already contacted previously
info@seair.co.in,"Sungwon Distributor Llc Importer/Buyer Data In Usa, Sungwon Distributor Llc Imports Data",Export Partnership Proposal - Premium Singing Bowls Supplier,2026-09-09 23:37:00,Skipped,Already contacted previously
export@singingbowlsspecialist.com,"Premium Singing Bowls Exporter To Usa, Best Tibetan Handcrafted ...",Export Partnership Proposal - Premium Singing Bowls Supplier,2026-09-09 23:37:00,Skipped,Already contacted previously
info@nepalartshop.com,Handmade Singing Bowls,Export Partnership Proposal - Premium Singing Bowls Supplier,2026-09-09 23:37:00,Skipped,Already contacted previously
nepalartshop@gmail.com,Handmade Singing Bowls,Export Partnership Proposal - Premium Singing Bowls Supplier,2026-09-09 23:37:00,Skipped,Already contacted previously
contact@granducati.com,Contact Granducati Usa Importer & Distributor,Export Partnership Proposal - Premium Singing Bowls Supplier,2026-09-09 23:37:00,Skipped,Already contacted previously
info@indiancraftcentre.com,About Us,Export Partnership Proposal - Premium Singing Bowls Supplier,2026-09-09 23:37:00,Skipped,Already contacted previously
info@bowlsound.com,Contact Us – Singing Bowl Sound And Craft,Export Partnership Proposal - Premium Singing Bowls Supplier,2026-09-09 23:37:00,Skipped,Already contacted previously
support@himalayanbowls.com,Contact Us,Export Partnership Proposal - Premium Singing Bowls Supplier,2026-09-09 23:37:00,Skipped,Already contacted previously
info@ranasingingbowlcentre.com,Singing Bowl Exporters,Export Partnership Proposal - Premium Singing Bowls Supplier,2026-09-09 23:37:00,Skipped,Already contacted previously
bo@synergybb.com,Importer & Distributor Business Sold,Export Partnership Proposal - Premium Singing Bowls Supplier,2026-09-09 23:37:00,Skipped,Already contacted previously
jmonemorecast@aol.com,Usa Distributor – Akios Fishing Tackle,Export Partnership Proposal - Premium Singing Bowls Supplier,2026-09-09 23:37:00,Skipped,Already contacted previously
solidrock4uall@live.com,Tequila Importer & Distributor Of Ultra Premium Tequila Products In The Usa,Export Partnership Proposal - Premium Singing Bowls Supplier,2026-09-09 23:37:00,Skipped,Already contacted previously
hello@soundtherapyshop.com,Contact Us,Export Partnership Proposal - Premium Singing Bowls Supplier,2026-09-09 23:37:00,Skipped,Already contacted previously
sales@nationaldropshippers.com,"Top 30 Leather Whole Seller In Usa (United States) ~ Top Buyer Seller List Of Usa, Uk, Canada, South Africa, Germany, India For Fashion, Leather",Export Partnership Proposal - Premium Singing Bowls Supplier,2026-09-09 23:37:00,Skipped,Already contacted previously
nishant.singingbowls@gmail.com,Handmade Singing Bowl Manufacturer And Exporter,Export Partnership Proposal - Premium Singing Bowls Supplier,2026-09-09 23:37:00,Skipped,Already contacted previously
service@stoneadd.com,"Croatia Stone Buyer, Croatian Stone Importer, Stone Wholesaler",Export Partnership Proposal - Premium Singing Bowls Supplier,2026-09-09 23:37:00,Skipped,Already contacted previously
info@saudgloves.com,"Importer, Distributor Or Agent.",Export Partnership Proposal - Premium Singing Bowls Supplier,2026-09-09 23:37:00,Skipped,Already contacted previously
customer-service@connexy.com,Jack Importer Email & Phone Number,Export Partnership Proposal - Premium Singing Bowls Supplier,2026-09-09 23:37:00,Skipped,Already contacted previously
pqsbpi@gmail.com,List Of Licensed Importers – Npqsd,Export Partnership Proposal - Premium Singing Bowls Supplier,2026-09-09 23:37:00,Skipped,Already contacted previously
info@bodhisattva.com,Bodhisattva Trading Company,Export Partnership Proposal - Premium Singing Bowls Supplier,2026-09-09 23:37:00,Skipped,Already contacted previously
ec8@yao.com,Singing Bowls Importers,Export Partnership Proposal - Premium Singing Bowls Supplier,2026-09-09 23:37:00,Skipped,Already contacted previously
business@besthimalaya.com,Handcrafted Singing Bowls In Usa,Export Partnership Proposal - Premium Singing Bowls Supplier,2026-09-09 23:37:00,Skipped,Already contacted previously
info@sacredsoundofthesoul.com,Crystal Tones® Alchemy Crystal Singing Bowls,Export Partnership Proposal - Premium Singing Bowls Supplier,2026-09-09 23:37:00,Skipped,Already contacted previously
bowlsofsound44@gmail.com,Contact – Bowls Of Sound,Export Partnership Proposal - Premium Singing Bowls Supplier,2026-09-09 23:37:00,Skipped,Already contacted previously
info@singingbowlshop.com,About Us,Export Partnership Proposal - Premium Singing Bowls Supplier,2026-09-09 23:37:00,Skipped,Already contacted previously
info@singarena.com,"Singarena – Karaoke, Ai Voice Score & Voice Rooms",Export Partnership Proposal - Premium Singing Bowls Supplier,2026-09-09 23:37:00,Skipped,Already contacted previously
support@screenapp.io,Rate My Voice,Export Partnership Proposal - Premium Singing Bowls Supplier,2026-09-09 23:37:00,Skipped,Already contacted previously
daniel@anytospeech.com,Rate My Singing,Export Partnership Proposal - Premium Singing Bowls Supplier,2026-09-09 23:37:00,Skipped,Already contacted previously
support@singmeter.com,Singmeter,Export Partnership Proposal - Premium Singing Bowls Supplier,2026-09-09 23:37:00,Skipped,Already contacted previously
sales@crystalbowlswholesale.com,Crystal Bowls Wholesale,Export Partnership Proposal - Premium Singing Bowls Supplier,2026-09-09 23:37:00,Skipped,Already contacted previously
rain@isingingbowls.com,Faqs,Export Partnership Proposal - Premium Singing Bowls Supplier,2026-09-09 23:37:00,Skipped,Already contacted previously
support@studenthandicrafts.com,Singing Bowl Wholesale From Nepal,Export Partnership Proposal - Premium Singing Bowls Supplier,2026-09-09 23:37:00,Skipped,Already contacted previously
info@ecofy.io,Clear Pet Bowl & Rectangular Lids Manufacturer,Export Partnership Proposal - Premium Singing Bowls Supplier,2026-09-09 23:37:00,Skipped,Already contacted previously
support@contactout.com,Email Finder By Contactout,Export Partnership Proposal - Premium Singing Bowls Supplier,2026-09-09 23:37:00,Skipped,Already contacted previously
epc@poet.com,Contact,Export Partnership Proposal - Premium Singing Bowls Supplier,2026-09-09 23:37:00,Skipped,Already contacted previously
business@lindenlab.com,Contact,Export Partnership Proposal - Premium Singing Bowls Supplier,2026-09-09 23:37:00,Skipped,Already contacted previously
info@mytilapia.com,Tilapia Fish And Fillet Importer/Wholesaler/Distributor,Export Partnership Proposal - Premium Singing Bowls Supplier,2026-09-09 23:37:00,Skipped,Already contacted previously
support@singingbowlsound.com,Instagram,Export Partnership Proposal - Premium Singing Bowls Supplier,2026-09-09 23:37:00,Skipped,Already contacted previously
besthimalayaglobal@gmail.com,Wholesale Singing Bowl Shipping & Lead Times,Export Partnership Proposal - Premium Singing Bowls Supplier,2026-09-09 23:37:00,Skipped,Already contacted previously
info@thesingingbowlcenter.com,The Singing Bowl Manufacturer & Exporter Since 1959,Export Partnership Proposal - Premium Singing Bowls Supplier,2026-09-09 23:37:00,Skipped,Already contacted previously
trade.client.access@jpmchase.com,J.P. Morgan Log In,Export Partnership Proposal - Premium Singing Bowls Supplier,2026-09-09 23:37:28,Sent,Inline poster embedded + PPT attached: singing_bowl_product.pdf
trade.client.access@jpmchase.com,J.P. Morgan Log In,Export Partnership Proposal - Premium Singing Bowls Supplier,2026-09-09 23:37:32,Sent,Inline poster embedded + PPT attached: singing_bowl_product.pdf
support@goplusus.com,Attachment Ii List Of Importers,Export Partnership Proposal - Premium Singing Bowls Supplier,2026-09-09 23:37:32,Skipped,Already contacted previously
farmlandimports@sbcglobal.net,National Shippers Contact List,Export Partnership Proposal - Premium Singing Bowls Supplier,2026-09-09 23:37:32,Skipped,Already contacted previously
support@whitepages.com,The White Pages Phone Book & Directory,Export Partnership Proposal - Premium Singing Bowls Supplier,2026-09-09 23:37:32,Skipped,Already contacted previously
admin@singingbowlshop.com,About Us,Export Partnership Proposal - Premium Singing Bowls Supplier,2026-09-09 23:37:32,Skipped,Already contacted previously
moe@adm.org,Singing Bowls Importers,Export Partnership Proposal - Premium Singing Bowls Supplier,2026-09-09 23:37:32,Skipped,Already contacted previously
customercare@indiamart.com,"Tibetan Singing Bowl Set, Antique Design",Export Partnership Proposal - Premium Singing Bowls Supplier,2026-09-09 23:37:32,Skipped,Already contacted previously
info@himalayasshop.com,Himalayas Shop,Export Partnership Proposal - Premium Singing Bowls Supplier,2026-09-09 23:37:32,Skipped,Already contacted previously
info@moxiusa.com,Attachment Ii List Of Importers,Export Partnership Proposal - Premium Singing Bowls Supplier,2026-09-09 23:37:32,Skipped,Already contacted previously
joep@voyagerfarmsllc.com,National Shippers Contact List,Export Partnership Proposal - Premium Singing Bowls Supplier,2026-09-09 23:37:32,Skipped,Already contacted previously
eximnasir@gmail.com,Handmade Soap Buyers & Importers,Export Partnership Proposal - Premium Singing Bowls Supplier,2026-09-09 23:37:32,Skipped,Already contacted previously
name@company.com,Contact,Export Partnership Proposal - Premium Singing Bowls Supplier,2026-09-09 23:37:32,Skipped,Already contacted previously
ashwani.singingbowlexporter@gmail.com,Handmade Singing Bowl Manufacturer And Exporter,Export Partnership Proposal - Premium Singing Bowls Supplier,2026-09-09 23:37:32,Skipped,Already contacted previously
info@studenthandicrafts.com,Singing Bowl Wholesale From Nepal,Export Partnership Proposal - Premium Singing Bowls Supplier,2026-09-09 23:37:32,Skipped,Already contacted previously
export@ecofy.io,Clear Pet Bowl & Rectangular Lids Manufacturer,Export Partnership Proposal - Premium Singing Bowls Supplier,2026-09-09 23:37:32,Skipped,Already contacted previously
connect@trademo.com,Singing Bowl Buyers & Importers In United States,Export Partnership Proposal - Premium Singing Bowls Supplier,2026-09-09 23:37:32,Skipped,Already contacted previously
sales@dataintelo.com,Singing Bowls Sales Market Research Report 2034,Export Partnership Proposal - Premium Singing Bowls Supplier,2026-09-09 23:37:32,Skipped,Already contacted previously
enquiries@verifiedmarketresearch.com,Singing Bowls Market Size And Forecast,Export Partnership Proposal - Premium Singing Bowls Supplier,2026-09-09 23:37:32,Skipped,Already contacted previously
orders@evertonesingingbowls.com,Customer Support – Evertone Singing Bowls,Export Partnership Proposal - Premium Singing Bowls Supplier,2026-09-09 23:37:32,Skipped,Already contacted previously
gacxpress.nepal1@gmail.com,We Don'T Manufacture Singing Bowls Just To Make Them Look Beautiful ...,Export Partnership Proposal - Premium Singing Bowls Supplier,2026-09-09 23:37:32,Skipped,Already contacted previously
support@exportbusinessmart.com,Export Business Mart,Export Partnership Proposal - Premium Singing Bowls Supplier,2026-09-09 23:37:32,Skipped,Already contacted previously
mails@epch.com,Hall No. 16 Exhibitors List,Export Partnership Proposal - Premium Singing Bowls Supplier,2026-09-09 23:37:32,Skipped,Already contacted previously
customer@rainbowsounds.co,Soul Star Chakra Crystal Singing Bowls,Export Partnership Proposal - Premium Singing Bowls Supplier,2026-09-09 23:37:32,Skipped,Already contacted previously
sales@sownseedo.com,Frosted Quartz Crystal Singing Bowl Buyers & Importers,Export Partnership Proposal - Premium Singing Bowls Supplier,2026-09-09 23:37:32,Skipped,Already contacted previously
info@wiseguyreports.com,"Singing Bowls Market Size, Trends & Forecast 2035",Export Partnership Proposal - Premium Singing Bowls Supplier,2026-09-09 23:37:32,Skipped,Already contacted previously
handmadesingingbowl01@gmail.com,Tibetan Handmade Singing Bowls Wholesale,Export Partnership Proposal - Premium Singing Bowls Supplier,2026-09-09 23:37:32,Skipped,Already contacted previously
info@usingredients.com,Us Ingredients Llc - Www.Usingredients.Com,Export Partnership Proposal - Premium Singing Bowls Supplier,2026-09-09 23:37:32,Skipped,Already contacted previously
closeouts@merchandiseusa.com,Merchandise Usa Closeout Buyers - Overstock And Liquidation Buyers,Export Partnership Proposal - Premium Singing Bowls Supplier,2026-09-09 23:37:32,Skipped,Already contacted previously
supplierinquiries@sanmar.com,Contact Us,Export Partnership Proposal - Premium Singing Bowls Supplier,2026-09-09 23:37:32,Skipped,Already contacted previously
partnership@trademo.com,Singing Bowl Buyers & Importers In United States,Export Partnership Proposal - Premium Singing Bowls Supplier,2026-09-09 23:37:32,Skipped,Already contacted previously
press@google.com,Gmail,Export Partnership Proposal - Premium Singing Bowls Supplier,2026-09-09 23:37:32,Skipped,Already contacted previously
welcome@dohbamezcal.com,Ernesto E. Aguirre - Importer & Distributor Of Ultra-Premium ...,Export Partnership Proposal - Premium Singing Bowls Supplier,2026-09-09 23:37:32,Skipped,Already contacted previously
gbsourcingbd@gmail.com,Global Buyer Sourcing - Global Buyer Sourcing,Export Partnership Proposal - Premium Singing Bowls Supplier,2026-09-09 23:37:32,Skipped,Already contacted previously
info@castlecf.com,Importer And Distributor,Export Partnership Proposal - Premium Singing Bowls Supplier,2026-09-09 23:37:32,Skipped,Already contacted previously
forsale@themightybowl.com,Big News! Mighty Bowl Company Is Officially For Sale! Who Out ...,Export Partnership Proposal - Premium Singing Bowls Supplier,2026-09-09 23:37:32,Skipped,Already contacted previously
support@petalcard.com,Contact,Export Partnership Proposal - Premium Singing Bowls Supplier,2026-09-09 23:37:32,Skipped,Already contacted previously
franjeri1001@gmail.com,"Fertilizer Buyer, Seller, Importer, Trader – Urea, Can, Dap, Npk, Map, Mop | 🌍 Global Fertilizer Market Analysis – November 17, 2025",Export Partnership Proposal - Premium Singing Bowls Supplier,2026-09-09 23:37:32,Skipped,Already contacted previously
csr@mlilyusa.com,Attachment Ii List Of Importers,Export Partnership Proposal - Premium Singing Bowls Supplier,2026-09-09 23:37:32,Skipped,Already contacted previously
lilywanging@gmail.com,"Fertilizer Buyer, Seller, Importer, Trader – Urea, Can, Dap, Npk, Map, Mop | Calcium Ammonium Nitrate, Large Quantities In Stock And Ready To Ship At Any Time",Export Partnership Proposal - Premium Singing Bowls Supplier,2026-09-09 23:37:32,Skipped,Already contacted previously
info@vietgro.com,"Fertilizer Buyer, Seller, Importer, Trader – Urea, Can, Dap, Npk, Map, Mop | 🌍 [Fertilizer Market Update – August 2025]",Export Partnership Proposal - Premium Singing Bowls Supplier,2026-09-09 23:37:32,Skipped,Already contacted previously
info@arc-vlogistic.com,"King Crude Oil And Gas Buyer And Seller | Dear Sir/Madam,",Export Partnership Proposal - Premium Singing Bowls Supplier,2026-09-09 23:37:32,Skipped,Already contacted previously
support@goplusus.com,Attachment Ii List Of Importers,Export Partnership Proposal - Premium Singing Bowls Supplier,2026-09-09 23:37:36,Skipped,Already contacted previously
farmlandimports@sbcglobal.net,National Shippers Contact List,Export Partnership Proposal - Premium Singing Bowls Supplier,2026-09-09 23:37:36,Skipped,Already contacted previously
support@whitepages.com,The White Pages Phone Book & Directory,Export Partnership Proposal - Premium Singing Bowls Supplier,2026-09-09 23:37:36,Skipped,Already contacted previously
admin@singingbowlshop.com,About Us,Export Partnership Proposal - Premium Singing Bowls Supplier,2026-09-09 23:37:36,Skipped,Already contacted previously
moe@adm.org,Singing Bowls Importers,Export Partnership Proposal - Premium Singing Bowls Supplier,2026-09-09 23:37:36,Skipped,Already contacted previously
customercare@indiamart.com,"Tibetan Singing Bowl Set, Antique Design",Export Partnership Proposal - Premium Singing Bowls Supplier,2026-09-09 23:37:36,Skipped,Already contacted previously
info@himalayasshop.com,Himalayas Shop,Export Partnership Proposal - Premium Singing Bowls Supplier,2026-09-09 23:37:36,Skipped,Already contacted previously
info@moxiusa.com,Attachment Ii List Of Importers,Export Partnership Proposal - Premium Singing Bowls Supplier,2026-09-09 23:37:36,Skipped,Already contacted previously
joep@voyagerfarmsllc.com,National Shippers Contact List,Export Partnership Proposal - Premium Singing Bowls Supplier,2026-09-09 23:37:36,Skipped,Already contacted previously
eximnasir@gmail.com,Handmade Soap Buyers & Importers,Export Partnership Proposal - Premium Singing Bowls Supplier,2026-09-09 23:37:36,Skipped,Already contacted previously
name@company.com,Contact,Export Partnership Proposal - Premium Singing Bowls Supplier,2026-09-09 23:37:36,Skipped,Already contacted previously
ashwani.singingbowlexporter@gmail.com,Handmade Singing Bowl Manufacturer And Exporter,Export Partnership Proposal - Premium Singing Bowls Supplier,2026-09-09 23:37:36,Skipped,Already contacted previously
info@studenthandicrafts.com,Singing Bowl Wholesale From Nepal,Export Partnership Proposal - Premium Singing Bowls Supplier,2026-09-09 23:37:36,Skipped,Already contacted previously
export@ecofy.io,Clear Pet Bowl & Rectangular Lids Manufacturer,Export Partnership Proposal - Premium Singing Bowls Supplier,2026-09-09 23:37:36,Skipped,Already contacted previously
connect@trademo.com,Singing Bowl Buyers & Importers In United States,Export Partnership Proposal - Premium Singing Bowls Supplier,2026-09-09 23:37:36,Skipped,Already contacted previously
sales@dataintelo.com,Singing Bowls Sales Market Research Report 2034,Export Partnership Proposal - Premium Singing Bowls Supplier,2026-09-09 23:37:36,Skipped,Already contacted previously
enquiries@verifiedmarketresearch.com,Singing Bowls Market Size And Forecast,Export Partnership Proposal - Premium Singing Bowls Supplier,2026-09-09 23:37:36,Skipped,Already contacted previously
orders@evertonesingingbowls.com,Customer Support – Evertone Singing Bowls,Export Partnership Proposal - Premium Singing Bowls Supplier,2026-09-09 23:37:36,Skipped,Already contacted previously
gacxpress.nepal1@gmail.com,We Don'T Manufacture Singing Bowls Just To Make Them Look Beautiful ...,Export Partnership Proposal - Premium Singing Bowls Supplier,2026-09-09 23:37:36,Skipped,Already contacted previously
support@exportbusinessmart.com,Export Business Mart,Export Partnership Proposal - Premium Singing Bowls Supplier,2026-09-09 23:37:36,Skipped,Already contacted previously
mails@epch.com,Hall No. 16 Exhibitors List,Export Partnership Proposal - Premium Singing Bowls Supplier,2026-09-09 23:37:36,Skipped,Already contacted previously
customer@rainbowsounds.co,Soul Star Chakra Crystal Singing Bowls,Export Partnership Proposal - Premium Singing Bowls Supplier,2026-09-09 23:37:36,Skipped,Already contacted previously
sales@sownseedo.com,Frosted Quartz Crystal Singing Bowl Buyers & Importers,Export Partnership Proposal - Premium Singing Bowls Supplier,2026-09-09 23:37:36,Skipped,Already contacted previously
info@wiseguyreports.com,"Singing Bowls Market Size, Trends & Forecast 2035",Export Partnership Proposal - Premium Singing Bowls Supplier,2026-09-09 23:37:36,Skipped,Already contacted previously
handmadesingingbowl01@gmail.com,Tibetan Handmade Singing Bowls Wholesale,Export Partnership Proposal - Premium Singing Bowls Supplier,2026-09-09 23:37:36,Skipped,Already contacted previously
info@usingredients.com,Us Ingredients Llc - Www.Usingredients.Com,Export Partnership Proposal - Premium Singing Bowls Supplier,2026-09-09 23:37:36,Skipped,Already contacted previously
closeouts@merchandiseusa.com,Merchandise Usa Closeout Buyers - Overstock And Liquidation Buyers,Export Partnership Proposal - Premium Singing Bowls Supplier,2026-09-09 23:37:36,Skipped,Already contacted previously
supplierinquiries@sanmar.com,Contact Us,Export Partnership Proposal - Premium Singing Bowls Supplier,2026-09-09 23:37:36,Skipped,Already contacted previously
partnership@trademo.com,Singing Bowl Buyers & Importers In United States,Export Partnership Proposal - Premium Singing Bowls Supplier,2026-09-09 23:37:36,Skipped,Already contacted previously
press@google.com,Gmail,Export Partnership Proposal - Premium Singing Bowls Supplier,2026-09-09 23:37:36,Skipped,Already contacted previously
welcome@dohbamezcal.com,Ernesto E. Aguirre - Importer & Distributor Of Ultra-Premium ...,Export Partnership Proposal - Premium Singing Bowls Supplier,2026-09-09 23:37:36,Skipped,Already contacted previously
gbsourcingbd@gmail.com,Global Buyer Sourcing - Global Buyer Sourcing,Export Partnership Proposal - Premium Singing Bowls Supplier,2026-09-09 23:37:36,Skipped,Already contacted previously
info@castlecf.com,Importer And Distributor,Export Partnership Proposal - Premium Singing Bowls Supplier,2026-09-09 23:37:36,Skipped,Already contacted previously
forsale@themightybowl.com,Big News! Mighty Bowl Company Is Officially For Sale! Who Out ...,Export Partnership Proposal - Premium Singing Bowls Supplier,2026-09-09 23:37:36,Skipped,Already contacted previously
support@petalcard.com,Contact,Export Partnership Proposal - Premium Singing Bowls Supplier,2026-09-09 23:37:36,Skipped,Already contacted previously
franjeri1001@gmail.com,"Fertilizer Buyer, Seller, Importer, Trader – Urea, Can, Dap, Npk, Map, Mop | 🌍 Global Fertilizer Market Analysis – November 17, 2025",Export Partnership Proposal - Premium Singing Bowls Supplier,2026-09-09 23:37:37,Skipped,Already contacted previously
csr@mlilyusa.com,Attachment Ii List Of Importers,Export Partnership Proposal - Premium Singing Bowls Supplier,2026-09-09 23:37:37,Skipped,Already contacted previously
lilywanging@gmail.com,"Fertilizer Buyer, Seller, Importer, Trader – Urea, Can, Dap, Npk, Map, Mop | Calcium Ammonium Nitrate, Large Quantities In Stock And Ready To Ship At Any Time",Export Partnership Proposal - Premium Singing Bowls Supplier,2026-09-09 23:37:37,Skipped,Already contacted previously
info@vietgro.com,"Fertilizer Buyer, Seller, Importer, Trader – Urea, Can, Dap, Npk, Map, Mop | 🌍 [Fertilizer Market Update – August 2025]",Export Partnership Proposal - Premium Singing Bowls Supplier,2026-09-09 23:37:37,Skipped,Already contacted previously
info@arc-vlogistic.com,"King Crude Oil And Gas Buyer And Seller | Dear Sir/Madam,",Export Partnership Proposal - Premium Singing Bowls Supplier,2026-09-09 23:37:37,Skipped,Already contacted previously
support_capitalconnect@jpmorgan.com,J.P. Morgan Log In,Export Partnership Proposal - Premium Singing Bowls Supplier,2026-09-09 23:38:08,Sent,Inline poster embedded + PPT attached: singing_bowl_product.pdf
support_capitalconnect@jpmorgan.com,J.P. Morgan Log In,Export Partnership Proposal - Premium Singing Bowls Supplier,2026-09-09 23:38:09,Sent,Inline poster embedded + PPT attached: singing_bowl_product.pdf
raz@razimports.com,Raz Imports Inc.,Export Partnership Proposal - Premium Singing Bowls Supplier,2026-09-09 23:38:14,Skipped,Already contacted previously
contactus@exporthub.com,Singing Bowl Wholesale Supplier,Export Partnership Proposal - Premium Singing Bowls Supplier,2026-09-09 23:38:14,Skipped,Already contacted previously
sales@findthedistributor.com,Find The Distributor,Export Partnership Proposal - Premium Singing Bowls Supplier,2026-09-09 23:38:14,Skipped,Already contacted previously
prudence@wholesalerecruitingsolutions.com,"Wholesale Recruiting Solutions, Llc - The Electrical Distribution And Manufacturer Rep Recruiting Experts",Export Partnership Proposal - Premium Singing Bowls Supplier,2026-09-09 23:38:14,Skipped,Already contacted previously
contactus@tradekey.com,"Usa Singing Bowls Importers, Buyers And Distributors",Export Partnership Proposal - Premium Singing Bowls Supplier,2026-09-09 23:38:14,Skipped,Already contacted previously
gopaliimports@gmail.com,Gopali Authentic Tibetan Singing Bowls & Sound Healing In St ...,Export Partnership Proposal - Premium Singing Bowls Supplier,2026-09-09 23:38:14,Skipped,Already contacted previously
info@go4futuro.com,Frosted Quartz Crystal Singing Bowl Buyers & Importers,Export Partnership Proposal - Premium Singing Bowls Supplier,2026-09-09 23:38:14,Skipped,Already contacted previously
info@vntc.net.vn,Spices Market For Importer And Exporter | A-B Whole Cassia For Export - Competitive Prices & High Quality,Export Partnership Proposal - Premium Singing Bowls Supplier,2026-09-09 23:38:14,Skipped,Already contacted previously
catrina@sacredsoundofthesoul.com,Sacred Sound Of The Soul,Export Partnership Proposal - Premium Singing Bowls Supplier,2026-09-09 23:38:14,Skipped,Already contacted previously
info@dsn.group,Katerina Myroshnyk,Export Partnership Proposal - Premium Singing Bowls Supplier,2026-09-09 23:38:14,Skipped,Already contacted previously
mohammed@maghco.sa,Frosted Quartz Crystal Singing Bowl Buyers & Importers,Export Partnership Proposal - Premium Singing Bowls Supplier,2026-09-09 23:38:14,Skipped,Already contacted previously
info@belmontoilgas.com,Frosted Quartz Crystal Singing Bowl Buyers & Importers,Export Partnership Proposal - Premium Singing Bowls Supplier,2026-09-09 23:38:14,Skipped,Already contacted previously
tradeoneusa@gmail.com,Decorative Candle Holders For Home Décor,Export Partnership Proposal - Premium Singing Bowls Supplier,2026-09-09 23:38:14,Skipped,Already contacted previously
support@tradewheel.com,United States Candle Holders Buyers And Importers List!,Export Partnership Proposal - Premium Singing Bowls Supplier,2026-09-09 23:38:14,Skipped,Already contacted previously
ryan@yubaiglass.com,Wholesale Glass Candle Holders Manufacturer,Export Partnership Proposal - Premium Singing Bowls Supplier,2026-09-09 23:38:14,Skipped,Already contacted previously
foryou@foryoudecor.com,Crystal Candle Holder Wholesale Supplier,Export Partnership Proposal - Premium Singing Bowls Supplier,2026-09-09 23:38:14,Skipped,Already contacted previously
info@ace-chn.om,China Crystal Candle Holder Buyers & Importers,Export Partnership Proposal - Premium Singing Bowls Supplier,2026-09-09 23:38:14,Skipped,Already contacted previously
info@alishbaimpex.com,Alishba Impex,Export Partnership Proposal - Premium Singing Bowls Supplier,2026-09-09 23:38:14,Skipped,Already contacted previously
evecraftoverseas.info@gmail.com,We'Re Manufacture And Wholesaler Of Home Decor Products ...,Export Partnership Proposal - Premium Singing Bowls Supplier,2026-09-09 23:38:14,Skipped,Already contacted previously
daniel@cregapak.com,Daniel /Cosmetic Packaging/ Home Decoration,Export Partnership Proposal - Premium Singing Bowls Supplier,2026-09-09 23:38:14,Skipped,Already contacted previously
sardarhussainimpex@gmail.com,Zaryat Siddiqui - Indian Manufacture | Home Decor | Bulk ...,Export Partnership Proposal - Premium Singing Bowls Supplier,2026-09-09 23:38:14,Skipped,Already contacted previously
a.h.handicraftsinc@gmail.com,A.H. Handicrafts Inc.,Export Partnership Proposal - Premium Singing Bowls Supplier,2026-09-09 23:38:14,Skipped,Already contacted previously
lovefreecandles@verizon.net,Alayna Stiffler - Sr. Team Leader/Fragrance Consultant & Direct ...,Export Partnership Proposal - Premium Singing Bowls Supplier,2026-09-09 23:38:14,Skipped,Already contacted previously
info@asianexportex.com,Asian Exportex,Export Partnership Proposal - Premium Singing Bowls Supplier,2026-09-09 23:38:14,Skipped,Already contacted previously
elsevent2012@gmail.com,Candles Holder For Rental. For Inquiry 0818293582 ...,Export Partnership Proposal - Premium Singing Bowls Supplier,2026-09-09 23:38:14,Skipped,Already contacted previously
laromausa@gmail.com,L'Aroma Usa - Manufacturer And Distributor Of Scented Candles,Export Partnership Proposal - Premium Singing Bowls Supplier,2026-09-09 23:38:14,Skipped,Already contacted previously
info@tradewheel.com,United States Candle Holders Buyers And Importers List!,Export Partnership Proposal - Premium Singing Bowls Supplier,2026-09-09 23:38:14,Skipped,Already contacted previously
sales.bhavatuorganic@gmail.com,Frosted Quartz Crystal Singing Bowl Buyers & Importers,Export Partnership Proposal - Premium Singing Bowls Supplier,2026-09-09 23:38:14,Skipped,Already contacted previously
ashok560@yahoo.com,Frosted Quartz Crystal Singing Bowl Buyers & Importers,Export Partnership Proposal - Premium Singing Bowls Supplier,2026-09-09 23:38:14,Skipped,Already contacted previously
sales@danaexport.com.eg,Frosted Quartz Crystal Singing Bowl Buyers & Importers,Export Partnership Proposal - Premium Singing Bowls Supplier,2026-09-09 23:38:14,Skipped,Already contacted previously
raz@razimports.com,Raz Imports Inc.,Export Partnership Proposal - Premium Singing Bowls Supplier,2026-09-09 23:38:15,Skipped,Already contacted previously
contactus@exporthub.com,Singing Bowl Wholesale Supplier,Export Partnership Proposal - Premium Singing Bowls Supplier,2026-09-09 23:38:15,Skipped,Already contacted previously
sales@findthedistributor.com,Find The Distributor,Export Partnership Proposal - Premium Singing Bowls Supplier,2026-09-09 23:38:15,Skipped,Already contacted previously
prudence@wholesalerecruitingsolutions.com,"Wholesale Recruiting Solutions, Llc - The Electrical Distribution And Manufacturer Rep Recruiting Experts",Export Partnership Proposal - Premium Singing Bowls Supplier,2026-09-09 23:38:15,Skipped,Already contacted previously
contactus@tradekey.com,"Usa Singing Bowls Importers, Buyers And Distributors",Export Partnership Proposal - Premium Singing Bowls Supplier,2026-09-09 23:38:15,Skipped,Already contacted previously
gopaliimports@gmail.com,Gopali Authentic Tibetan Singing Bowls & Sound Healing In St ...,Export Partnership Proposal - Premium Singing Bowls Supplier,2026-09-09 23:38:15,Skipped,Already contacted previously
info@go4futuro.com,Frosted Quartz Crystal Singing Bowl Buyers & Importers,Export Partnership Proposal - Premium Singing Bowls Supplier,2026-09-09 23:38:15,Skipped,Already contacted previously
info@vntc.net.vn,Spices Market For Importer And Exporter | A-B Whole Cassia For Export - Competitive Prices & High Quality,Export Partnership Proposal - Premium Singing Bowls Supplier,2026-09-09 23:38:15,Skipped,Already contacted previously
catrina@sacredsoundofthesoul.com,Sacred Sound Of The Soul,Export Partnership Proposal - Premium Singing Bowls Supplier,2026-09-09 23:38:15,Skipped,Already contacted previously
info@dsn.group,Katerina Myroshnyk,Export Partnership Proposal - Premium Singing Bowls Supplier,2026-09-09 23:38:15,Skipped,Already contacted previously
mohammed@maghco.sa,Frosted Quartz Crystal Singing Bowl Buyers & Importers,Export Partnership Proposal - Premium Singing Bowls Supplier,2026-09-09 23:38:15,Skipped,Already contacted previously
info@belmontoilgas.com,Frosted Quartz Crystal Singing Bowl Buyers & Importers,Export Partnership Proposal - Premium Singing Bowls Supplier,2026-09-09 23:38:15,Skipped,Already contacted previously
tradeoneusa@gmail.com,Decorative Candle Holders For Home Décor,Export Partnership Proposal - Premium Singing Bowls Supplier,2026-09-09 23:38:15,Skipped,Already contacted previously
support@tradewheel.com,United States Candle Holders Buyers And Importers List!,Export Partnership Proposal - Premium Singing Bowls Supplier,2026-09-09 23:38:15,Skipped,Already contacted previously
ryan@yubaiglass.com,Wholesale Glass Candle Holders Manufacturer,Export Partnership Proposal - Premium Singing Bowls Supplier,2026-09-09 23:38:15,Skipped,Already contacted previously
foryou@foryoudecor.com,Crystal Candle Holder Wholesale Supplier,Export Partnership Proposal - Premium Singing Bowls Supplier,2026-09-09 23:38:15,Skipped,Already contacted previously
info@ace-chn.om,China Crystal Candle Holder Buyers & Importers,Export Partnership Proposal - Premium Singing Bowls Supplier,2026-09-09 23:38:15,Skipped,Already contacted previously
info@alishbaimpex.com,Alishba Impex,Export Partnership Proposal - Premium Singing Bowls Supplier,2026-09-09 23:38:15,Skipped,Already contacted previously
evecraftoverseas.info@gmail.com,We'Re Manufacture And Wholesaler Of Home Decor Products ...,Export Partnership Proposal - Premium Singing Bowls Supplier,2026-09-09 23:38:15,Skipped,Already contacted previously
daniel@cregapak.com,Daniel /Cosmetic Packaging/ Home Decoration,Export Partnership Proposal - Premium Singing Bowls Supplier,2026-09-09 23:38:15,Skipped,Already contacted previously
sardarhussainimpex@gmail.com,Zaryat Siddiqui - Indian Manufacture | Home Decor | Bulk ...,Export Partnership Proposal - Premium Singing Bowls Supplier,2026-09-09 23:38:15,Skipped,Already contacted previously
a.h.handicraftsinc@gmail.com,A.H. Handicrafts Inc.,Export Partnership Proposal - Premium Singing Bowls Supplier,2026-09-09 23:38:15,Skipped,Already contacted previously
lovefreecandles@verizon.net,Alayna Stiffler - Sr. Team Leader/Fragrance Consultant & Direct ...,Export Partnership Proposal - Premium Singing Bowls Supplier,2026-09-09 23:38:15,Skipped,Already contacted previously
info@asianexportex.com,Asian Exportex,Export Partnership Proposal - Premium Singing Bowls Supplier,2026-09-09 23:38:15,Skipped,Already contacted previously
elsevent2012@gmail.com,Candles Holder For Rental. For Inquiry 0818293582 ...,Export Partnership Proposal - Premium Singing Bowls Supplier,2026-09-09 23:38:15,Skipped,Already contacted previously
laromausa@gmail.com,L'Aroma Usa - Manufacturer And Distributor Of Scented Candles,Export Partnership Proposal - Premium Singing Bowls Supplier,2026-09-09 23:38:15,Skipped,Already contacted previously
info@tradewheel.com,United States Candle Holders Buyers And Importers List!,Export Partnership Proposal - Premium Singing Bowls Supplier,2026-09-09 23:38:15,Skipped,Already contacted previously
sales.bhavatuorganic@gmail.com,Frosted Quartz Crystal Singing Bowl Buyers & Importers,Export Partnership Proposal - Premium Singing Bowls Supplier,2026-09-09 23:38:15,Skipped,Already contacted previously
ashok560@yahoo.com,Frosted Quartz Crystal Singing Bowl Buyers & Importers,Export Partnership Proposal - Premium Singing Bowls Supplier,2026-09-09 23:38:15,Skipped,Already contacted previously
sales@danaexport.com.eg,Frosted Quartz Crystal Singing Bowl Buyers & Importers,Export Partnership Proposal - Premium Singing Bowls Supplier,2026-09-09 23:38:15,Skipped,Already contacted previously
frfs.media@chi.frb.org,Wholesale Testing Services,Export Partnership Proposal - Premium Singing Bowls Supplier,2026-09-09 23:51:00,Sent,Inline poster embedded + PPT attached: singing_bowl_product.pdf
info@jimthompsonusa.com,Tibetan Sun,Export Partnership Proposal - Premium Singing Bowls Supplier,2026-09-09 23:51:37,Sent,Inline poster embedded + PPT attached: singing_bowl_product.pdf
donate@wcs.org,Himalayan Highlands,Export Partnership Proposal - Premium Singing Bowls Supplier,2026-09-09 23:52:14,Sent,Inline poster embedded + PPT attached: singing_bowl_product.pdf
events@companybar.co,Company,Export Partnership Proposal - Premium Singing Bowls Supplier,2026-09-09 23:52:51,Sent,Inline poster embedded + PPT attached: singing_bowl_product.pdf
care@sarveda.com,Etched Handmade Singing Bowls,Export Partnership Proposal - Premium Singing Bowls Supplier,2026-09-09 23:53:31,Sent,Inline poster embedded + PPT attached: singing_bowl_product.pdf
f36cc48fb72b4d298c835f2793cf3b84@sentry-next.wixpress.com,Contact,Export Partnership Proposal - Premium Singing Bowls Supplier,2026-09-09 23:54:07,Sent,Inline poster embedded + PPT attached: singing_bowl_product.pdf
271e9fa3230b4eec94b02bf95780f5f2@sentry.wixpress.com,Himalayan Singing Bowls,Export Partnership Proposal - Premium Singing Bowls Supplier,2026-09-09 23:54:45,Sent,Inline poster embedded + PPT attached: singing_bowl_product.pdf
info@wholesalechess.com,"Chess Sets, Boards, Pieces, & Supplies",Export Partnership Proposal - Premium Singing Bowls Supplier,2026-09-09 23:54:50,Skipped,Already contacted previously
info@buyerpersona.com,Home,Export Partnership Proposal - Premium Singing Bowls Supplier,2026-09-09 23:54:50,Skipped,Already contacted previously
youremail@mail.com,Tibetan Sun,Export Partnership Proposal - Premium Singing Bowls Supplier,2026-09-09 23:54:50,Skipped,Already contacted previously
onlinetickets@wcs.org,Himalayan Highlands,Export Partnership Proposal - Premium Singing Bowls Supplier,2026-09-09 23:54:50,Skipped,Already contacted previously
2062d0a4929b45348643784b5cb39c36@sentry.wixpress.com,Himalayan Singing Bowls,Export Partnership Proposal - Premium Singing Bowls Supplier,2026-09-09 23:54:50,Skipped,Already contacted previously
siteinfo@frbservices.org,Wholesale Testing Services,Export Partnership Proposal - Premium Singing Bowls Supplier,2026-09-09 23:54:50,Skipped,Already contacted previously
frank.cancelloni@jimthompson.com,Tibetan Sun,Export Partnership Proposal - Premium Singing Bowls Supplier,2026-09-09 23:54:50,Skipped,Already contacted previously
help@newyorker.com,Warm Chickpea Bowls With Lemony Yogurt Recipe,Export Partnership Proposal - Premium Singing Bowls Supplier,2026-09-09 23:54:50,Skipped,Already contacted previously
membership@wcs.org,Himalayan Highlands,Export Partnership Proposal - Premium Singing Bowls Supplier,2026-09-09 23:54:50,Skipped,Already contacted previously
global.mindfulness.center@gmail.com,Meditation,Export Partnership Proposal - Premium Singing Bowls Supplier,2026-09-09 23:54:50,Skipped,Already contacted previously
460ff4620fa44cba8df530afde949785@sentry.wixpress.com,Himalayan Singing Bowls,Export Partnership Proposal - Premium Singing Bowls Supplier,2026-09-09 23:54:50,Skipped,Already contacted previously
nancy@salwen.net,Learn To Sing With Confidence And Joy,Export Partnership Proposal - Premium Singing Bowls Supplier,2026-09-09 23:54:50,Skipped,Already contacted previously
you@email.com,The Singing Bowl Manufacturer & Exporter Since 1959,Export Partnership Proposal - Premium Singing Bowls Supplier,2026-09-09 23:54:50,Skipped,Already contacted previously
info@companybar.co,Company,Export Partnership Proposal - Premium Singing Bowls Supplier,2026-09-09 23:54:50,Skipped,Already contacted previously
325506e3332d487999567a7bc91d151d@bug-reporting-xalgha6.m-w.com,Company Definition & Meaning,Export Partnership Proposal - Premium Singing Bowls Supplier,2026-09-09 23:54:50,Skipped,Already contacted previously
dd@gmail.com,Singing Bowls,Export Partnership Proposal - Premium Singing Bowls Supplier,2026-09-09 23:54:50,Skipped,Already contacted previously
5d1795a2db124a268f1e1bd88f503500@sentry.wixpress.com,Himalayan Singing Bowls,Export Partnership Proposal - Premium Singing Bowls Supplier,2026-09-09 23:54:50,Skipped,Already contacted previously
orders.soundworks@gmail.com,Chunky Wands For Himalayan Singing Bowls – Soundworkssoundtherapy,Export Partnership Proposal - Premium Singing Bowls Supplier,2026-09-09 23:54:50,Skipped,Already contacted previously
info@originalbuddhas.com,Himalayan Singing Bowls,Export Partnership Proposal - Premium Singing Bowls Supplier,2026-09-09 23:54:50,Skipped,Already contacted previously
dd0a55ccb8124b9c9d938e3acf41f8aa@sentry.wixpress.com,Himalayan Singing Bowls,Export Partnership Proposal - Premium Singing Bowls Supplier,2026-09-09 23:54:50,Skipped,Already contacted previously
support@soundworkssoundtherapy.com,Chunky Wands For Himalayan Singing Bowls – Soundworkssoundtherapy,Export Partnership Proposal - Premium Singing Bowls Supplier,2026-09-09 23:54:50,Skipped,Already contacted previously
info@himalayansoundsingingbowl.com,Contact,Export Partnership Proposal - Premium Singing Bowls Supplier,2026-09-09 23:54:50,Skipped,Already contacted previously
susan@terremusic.com,Singing Bowl,Export Partnership Proposal - Premium Singing Bowls Supplier,2026-09-09 23:54:50,Skipped,Already contacted previously
bachhaladevitraders76@gmail.com,"Contact Us, Singing Bowl Sounds",Export Partnership Proposal - Premium Singing Bowls Supplier,2026-09-09 23:54:50,Skipped,Already contacted previously
support@silentmindbowls.com,Site Notice – Silent Mind,Export Partnership Proposal - Premium Singing Bowls Supplier,2026-09-09 23:54:50,Skipped,Already contacted previously
941071-855-225-7372info@thegongshop.com,Singing Bowls – The Gong Shop,Export Partnership Proposal - Premium Singing Bowls Supplier,2026-09-09 23:54:50,Skipped,Already contacted previously
sales@theeveresttrader.com,Tibetan Singing Bowls – The Everest Trader,Export Partnership Proposal - Premium Singing Bowls Supplier,2026-09-09 23:54:50,Skipped,Already contacted previously
hello@shantibowl.com,Contact Us,Export Partnership Proposal - Premium Singing Bowls Supplier,2026-09-09 23:54:50,Skipped,Already contacted previously
shop@wu-dang-pai.de,Singing Bowl,Export Partnership Proposal - Premium Singing Bowls Supplier,2026-09-09 23:54:50,Skipped,Already contacted previously
info@dharmashop.com,Wholesale Singing Bowls,Export Partnership Proposal - Premium Singing Bowls Supplier,2026-09-09 23:54:50,Skipped,Already contacted previously
sara@soundello.com,"Crystal Singing Bowl, Manufacturer – Soundello",Export Partnership Proposal - Premium Singing Bowls Supplier,2026-09-09 23:54:50,Skipped,Already contacted previously
knightpeople@msn.com,Temple Sounds Tibetan Singing Bowls,Export Partnership Proposal - Premium Singing Bowls Supplier,2026-09-09 23:54:50,Skipped,Already contacted previously
ryanlstanley@hotmail.com,Crystal Tones® Alchemy Crystal Singing Bowls – Sacred Sound Of The Soul,Export Partnership Proposal - Premium Singing Bowls Supplier,2026-09-09 23:54:50,Skipped,Already contacted previously
oceanic@oceaniclink.com,Singing Bowls,Export Partnership Proposal - Premium Singing Bowls Supplier,2026-09-09 23:54:50,Skipped,Already contacted previously
brs@yao.com,Singing Bowls Importers,Export Partnership Proposal - Premium Singing Bowls Supplier,2026-09-09 23:54:50,Skipped,Already contacted previously
narek@musicofwisdom.com,The Complete Guide To Buying A Singing Bowl,Export Partnership Proposal - Premium Singing Bowls Supplier,2026-09-09 23:54:50,Skipped,Already contacted previously
support@katmandutrading.com,Wholesale Singing Bowl,Export Partnership Proposal - Premium Singing Bowls Supplier,2026-09-09 23:54:50,Skipped,Already contacted previously
myname@email.com,Himalayan Blackberry Pie,Export Partnership Proposal - Premium Singing Bowls Supplier,2026-09-09 23:54:51,Skipped,Already contacted previously
intake@cycleworld.com,"A 3,500",Export Partnership Proposal - Premium Singing Bowls Supplier,2026-09-09 23:54:51,Skipped,Already contacted previously
contactwhatsinthepan@gmail.com,Himalayan Salt Vs Sea Salt,Export Partnership Proposal - Premium Singing Bowls Supplier,2026-09-09 23:54:51,Skipped,Already contacted previously
legislative.affairs@eda.gov,Contact Us,Export Partnership Proposal - Premium Singing Bowls Supplier,2026-09-09 23:54:51,Skipped,Already contacted previously
admissions@reformationbiblecollege.org,The Value Of Hymn Singing,Export Partnership Proposal - Premium Singing Bowls Supplier,2026-09-09 23:54:51,Skipped,Already contacted previously
guy@bellsofbliss.com,About Our Singing Bowls,Export Partnership Proposal - Premium Singing Bowls Supplier,2026-09-09 23:54:51,Skipped,Already contacted previously
jayapal.casework@mail.house.gov,Email,Export Partnership Proposal - Premium Singing Bowls Supplier,2026-09-09 23:54:51,Skipped,Already contacted previously
contact@tarabrach.com,Meditation,Export Partnership Proposal - Premium Singing Bowls Supplier,2026-09-09 23:54:51,Skipped,Already contacted previously
help@mapquest.com,"Himalayan Singing Bowl And Trading, Street 17, Pokhara, Np",Export Partnership Proposal - Premium Singing Bowls Supplier,2026-09-09 23:54:51,Skipped,Already contacted previously
seaofart@gmail.com,Contact,Export Partnership Proposal - Premium Singing Bowls Supplier,2026-09-09 23:54:51,Skipped,Already contacted previously
accuracy@usatoday.com,Usa Today,Export Partnership Proposal - Premium Singing Bowls Supplier,2026-09-09 23:54:51,Skipped,Already contacted previously
info@thegongshop.com,Singing Bowls,Export Partnership Proposal - Premium Singing Bowls Supplier,2026-09-09 23:54:51,Skipped,Already contacted previously
wholesale@stansdonuts.com,Wholesale,Export Partnership Proposal - Premium Singing Bowls Supplier,2026-09-09 23:54:51,Skipped,Already contacted previously
syswtscustomertesting@frb.org,Wholesale Testing Services,Export Partnership Proposal - Premium Singing Bowls Supplier,2026-09-09 23:54:51,Skipped,Already contacted previously
enquiries@jimthompson.com,Tibetan Sun,Export Partnership Proposal - Premium Singing Bowls Supplier,2026-09-09 23:54:51,Skipped,Already contacted previously
diane.landry@wcax.com,"Vermont’S Tibetan, Nepalese Communities Grieve After Flooding",Export Partnership Proposal - Premium Singing Bowls Supplier,2026-09-09 23:54:51,Skipped,Already contacted previously
info@perennialsfabrics.com,Brush Work Tibetan Knot,Export Partnership Proposal - Premium Singing Bowls Supplier,2026-09-09 23:54:51,Skipped,Already contacted previously
eva@thecuriouschickpea.com,Tibetan Vegetable Momos With Spicy Sesame Tomato Chutney • The Curious Chickpea,Export Partnership Proposal - Premium Singing Bowls Supplier,2026-09-09 23:54:51,Skipped,Already contacted previously
info@artoftibet.com,Singing Bowl,Export Partnership Proposal - Premium Singing Bowls Supplier,2026-09-09 23:54:51,Skipped,Already contacted previously
hello@mindfulstore.com.au,Singing Sound Bowl Wholesale Supplier,Export Partnership Proposal - Premium Singing Bowls Supplier,2026-09-09 23:54:51,Skipped,Already contacted previously
tips@rideapart.com,Buying Something Other Than A Royal Enfield Himalayan ...,Export Partnership Proposal - Premium Singing Bowls Supplier,2026-09-09 23:54:51,Skipped,Already contacted previously
nepalartshop@outlook.com,Tibetan Therapy Singing Bowls – Human Body Healing Throungh Sound Bowls,Export Partnership Proposal - Premium Singing Bowls Supplier,2026-09-09 23:54:51,Skipped,Already contacted previously
info@accessoryarcade.com,Wholesale Yoga Accessories & Equipment Supply To Usa,Export Partnership Proposal - Premium Singing Bowls Supplier,2026-09-09 23:54:51,Skipped,Already contacted previously
besthimalayaglobal@gmail.co,Wholesale Singing Bowl Shipping & Lead Times,Export Partnership Proposal - Premium Singing Bowls Supplier,2026-09-09 23:54:51,Skipped,Already contacted previously
support@studenthandicrafts.co,Singing Bowl Wholesale From Nepal,Export Partnership Proposal - Premium Singing Bowls Supplier,2026-09-09 23:54:51,Skipped,Already contacted previously
info@bodhisattva.co,Bodhisattva Trading Company,Export Partnership Proposal - Premium Singing Bowls Supplier,2026-09-09 23:54:51,Skipped,Already contacted previously
info@bowlsound.co,Contact Us – Singing Bowl Sound And Craft,Export Partnership Proposal - Premium Singing Bowls Supplier,2026-09-09 23:54:51,Skipped,Already contacted previously
bowlsofsound44@gmail.co,Contact – Bowls Of Sound,Export Partnership Proposal - Premium Singing Bowls Supplier,2026-09-09 23:54:51,Skipped,Already contacted previously
%20sales@mefree.co,Wholesale Yoga Props,Export Partnership Proposal - Premium Singing Bowls Supplier,2026-09-09 23:54:51,Skipped,Already contacted previously
support@smokeaxis.co,Vd Importers — Wholesale Distributor In Florida,Export Partnership Proposal - Premium Singing Bowls Supplier,2026-09-09 23:54:51,Skipped,Already contacted previously
info@beveragetradenetwork.co,Directory Of Spirits Importers Worldwide,Export Partnership Proposal - Premium Singing Bowls Supplier,2026-09-09 23:54:51,Skipped,Already contacted previously
info@bestwineimporters.co,"Spirits Importers, Distributors Platform",Export Partnership Proposal - Premium Singing Bowls Supplier,2026-09-09 23:54:51,Skipped,Already contacted previously
aakash@usaspiritsratings.co,"Kontapel, Ukrainian Brand Now Calling Usa Spirits Importers ...",Export Partnership Proposal - Premium Singing Bowls Supplier,2026-09-09 23:54:51,Skipped,Already contacted previously
ergt@internationalbeveragenetwork.co,"Wine And Spirits Distributors Importers In Usa, China, Uk, Japan ...",Export Partnership Proposal - Premium Singing Bowls Supplier,2026-09-09 23:54:51,Skipped,Already contacted previously
ec8@yao.co,Singing Bowls Importers,Export Partnership Proposal - Premium Singing Bowls Supplier,2026-09-09 23:54:51,Skipped,Already contacted previously
info@soundtopia.co,Contact,Export Partnership Proposal - Premium Singing Bowls Supplier,2026-09-09 23:54:51,Skipped,Already contacted previously
business@besthimalaya.co,Wholesale Singing Bowl Shipping & Lead Times,Export Partnership Proposal - Premium Singing Bowls Supplier,2026-09-09 23:54:51,Skipped,Already contacted previously
contactus@tradekey.co,"Usa Singing Bowls Importers, Buyers And Distributors",Export Partnership Proposal - Premium Singing Bowls Supplier,2026-09-09 23:54:51,Skipped,Already contacted previously
export@singingbowlsspecialist.co,"Premium Singing Bowls Exporter To Usa, Best Tibetan Handcrafted ...",Export Partnership Proposal - Premium Singing Bowls Supplier,2026-09-09 23:54:51,Skipped,Already contacted previously
gopaliimports@gmail.co,Gopali Authentic Tibetan Singing Bowls & Sound Healing In St ...,Export Partnership Proposal - Premium Singing Bowls Supplier,2026-09-09 23:54:51,Skipped,Already contacted previously
info@indiancraftcentre.co,About Us,Export Partnership Proposal - Premium Singing Bowls Supplier,2026-09-09 23:54:51,Skipped,Already contacted previously
info@ranasingingbowlcentre.co,Singing Bowl Exporters,Export Partnership Proposal - Premium Singing Bowls Supplier,2026-09-09 23:54:51,Skipped,Already contacted previously
contact@domain.co,"Singing Bowl Manufacturer, Himalayan Tibetan Hand Made Singing ...",Export Partnership Proposal - Premium Singing Bowls Supplier,2026-09-09 23:54:51,Skipped,Already contacted previously
info@accessoryarcade.co,Wholesale Yoga Accessories & Equipment Supply To Usa,Export Partnership Proposal - Premium Singing Bowls Supplier,2026-09-09 23:54:51,Skipped,Already contacted previously
info@rawsomeshack.com,Trader,Export Partnership Proposal - Premium Singing Bowls Supplier,2026-09-09 23:54:51,Skipped,Already contacted previously
contact@fitness-wholesale.co,Meditation,Export Partnership Proposal - Premium Singing Bowls Supplier,2026-09-09 23:54:51,Skipped,Already contacted previously
info@naviexports.co,Yoga & Wellness Products Exporters & Suppliers,Export Partnership Proposal - Premium Singing Bowls Supplier,2026-09-09 23:54:51,Skipped,Already contacted previously
admin1405@suryaincense.co,The Surya Exports,Export Partnership Proposal - Premium Singing Bowls Supplier,2026-09-09 23:54:51,Skipped,Already contacted previously
info@meghaaromatics.co,Viajyshree Golden Nag Meditation Incense Sticks Online,Export Partnership Proposal - Premium Singing Bowls Supplier,2026-09-09 23:54:51,Skipped,Already contacted previously
helpme@yogahustle.co,"Wholesale Yoga Mats, Yoga Props, Yoga Equipment With Yoga Hustle",Export Partnership Proposal - Premium Singing Bowls Supplier,2026-09-09 23:54:51,Skipped,Already contacted previously
sales@mefree.co,Wholesale Yoga Props,Export Partnership Proposal - Premium Singing Bowls Supplier,2026-09-09 23:54:51,Skipped,Already contacted previously
email@example.co,The Sound Journey Store,Export Partnership Proposal - Premium Singing Bowls Supplier,2026-09-09 23:54:51,Skipped,Already contacted previously
orderdesk@natures-artifacts.co,Home Page,Export Partnership Proposal - Premium Singing Bowls Supplier,2026-09-09 23:54:51,Skipped,Already contacted previously
example@yourdomain.co,Zed Black,Export Partnership Proposal - Premium Singing Bowls Supplier,2026-09-09 23:54:51,Skipped,Already contacted previously
scalaneinternational@gmail.co,Incense Stick Exporter From India,Export Partnership Proposal - Premium Singing Bowls Supplier,2026-09-09 23:54:51,Skipped,Already contacted previously
sales@yanrefitness.co,Wholesale Cork Yoga Mat,Export Partnership Proposal - Premium Singing Bowls Supplier,2026-09-09 23:54:51,Skipped,Already contacted previously
xxx@xxx.xxx,"Boxing, Mma, Yoga, Fitness, Combat Sports Equipment & Gear ...",Export Partnership Proposal - Premium Singing Bowls Supplier,2026-09-09 23:54:51,Skipped,Already contacted previously
info@soundtopia.com,Antique Himalayan Singing Bowl Sets,Export Partnership Proposal - Premium Singing Bowls Supplier,2026-09-09 23:54:51,Skipped,Already contacted previously
jubao@lingying.com,1000 European Garment Buyers List,Export Partnership Proposal - Premium Singing Bowls Supplier,2026-09-09 23:54:52,Skipped,Already contacted previously
info@seair.co.in,"Sungwon Distributor Llc Importer/Buyer Data In Usa, Sungwon Distributor Llc Imports Data",Export Partnership Proposal - Premium Singing Bowls Supplier,2026-09-09 23:54:52,Skipped,Already contacted previously
export@singingbowlsspecialist.com,"Premium Singing Bowls Exporter To Usa, Best Tibetan Handcrafted ...",Export Partnership Proposal - Premium Singing Bowls Supplier,2026-09-09 23:54:52,Skipped,Already contacted previously
info@nepalartshop.com,Handmade Singing Bowls,Export Partnership Proposal - Premium Singing Bowls Supplier,2026-09-09 23:54:52,Skipped,Already contacted previously
nepalartshop@gmail.com,Handmade Singing Bowls,Export Partnership Proposal - Premium Singing Bowls Supplier,2026-09-09 23:54:52,Skipped,Already contacted previously
contact@granducati.com,Contact Granducati Usa Importer & Distributor,Export Partnership Proposal - Premium Singing Bowls Supplier,2026-09-09 23:54:52,Skipped,Already contacted previously
info@indiancraftcentre.com,About Us,Export Partnership Proposal - Premium Singing Bowls Supplier,2026-09-09 23:54:52,Skipped,Already contacted previously
info@bowlsound.com,Contact Us – Singing Bowl Sound And Craft,Export Partnership Proposal - Premium Singing Bowls Supplier,2026-09-09 23:54:52,Skipped,Already contacted previously
support@himalayanbowls.com,Contact Us,Export Partnership Proposal - Premium Singing Bowls Supplier,2026-09-09 23:54:52,Skipped,Already contacted previously
info@ranasingingbowlcentre.com,Singing Bowl Exporters,Export Partnership Proposal - Premium Singing Bowls Supplier,2026-09-09 23:54:52,Skipped,Already contacted previously
bo@synergybb.com,Importer & Distributor Business Sold,Export Partnership Proposal - Premium Singing Bowls Supplier,2026-09-09 23:54:52,Skipped,Already contacted previously
jmonemorecast@aol.com,Usa Distributor – Akios Fishing Tackle,Export Partnership Proposal - Premium Singing Bowls Supplier,2026-09-09 23:54:52,Skipped,Already contacted previously
solidrock4uall@live.com,Tequila Importer & Distributor Of Ultra Premium Tequila Products In The Usa,Export Partnership Proposal - Premium Singing Bowls Supplier,2026-09-09 23:54:52,Skipped,Already contacted previously
hello@soundtherapyshop.com,Contact Us,Export Partnership Proposal - Premium Singing Bowls Supplier,2026-09-09 23:54:52,Skipped,Already contacted previously
sales@nationaldropshippers.com,"Top 30 Leather Whole Seller In Usa (United States) ~ Top Buyer Seller List Of Usa, Uk, Canada, South Africa, Germany, India For Fashion, Leather",Export Partnership Proposal - Premium Singing Bowls Supplier,2026-09-09 23:54:52,Skipped,Already contacted previously
nishant.singingbowls@gmail.com,Handmade Singing Bowl Manufacturer And Exporter,Export Partnership Proposal - Premium Singing Bowls Supplier,2026-09-09 23:54:52,Skipped,Already contacted previously
service@stoneadd.com,"Croatia Stone Buyer, Croatian Stone Importer, Stone Wholesaler",Export Partnership Proposal - Premium Singing Bowls Supplier,2026-09-09 23:54:52,Skipped,Already contacted previously
info@saudgloves.com,"Importer, Distributor Or Agent.",Export Partnership Proposal - Premium Singing Bowls Supplier,2026-09-09 23:54:52,Skipped,Already contacted previously
customer-service@connexy.com,Jack Importer Email & Phone Number,Export Partnership Proposal - Premium Singing Bowls Supplier,2026-09-09 23:54:52,Skipped,Already contacted previously
pqsbpi@gmail.com,List Of Licensed Importers – Npqsd,Export Partnership Proposal - Premium Singing Bowls Supplier,2026-09-09 23:54:52,Skipped,Already contacted previously
info@bodhisattva.com,Bodhisattva Trading Company,Export Partnership Proposal - Premium Singing Bowls Supplier,2026-09-09 23:54:52,Skipped,Already contacted previously
ec8@yao.com,Singing Bowls Importers,Export Partnership Proposal - Premium Singing Bowls Supplier,2026-09-09 23:54:52,Skipped,Already contacted previously
business@besthimalaya.com,Handcrafted Singing Bowls In Usa,Export Partnership Proposal - Premium Singing Bowls Supplier,2026-09-09 23:54:52,Skipped,Already contacted previously
info@sacredsoundofthesoul.com,Crystal Tones® Alchemy Crystal Singing Bowls,Export Partnership Proposal - Premium Singing Bowls Supplier,2026-09-09 23:54:52,Skipped,Already contacted previously
bowlsofsound44@gmail.com,Contact – Bowls Of Sound,Export Partnership Proposal - Premium Singing Bowls Supplier,2026-09-09 23:54:52,Skipped,Already contacted previously
info@singingbowlshop.com,About Us,Export Partnership Proposal - Premium Singing Bowls Supplier,2026-09-09 23:54:52,Skipped,Already contacted previously
info@singarena.com,"Singarena – Karaoke, Ai Voice Score & Voice Rooms",Export Partnership Proposal - Premium Singing Bowls Supplier,2026-09-09 23:54:52,Skipped,Already contacted previously
support@screenapp.io,Rate My Voice,Export Partnership Proposal - Premium Singing Bowls Supplier,2026-09-09 23:54:52,Skipped,Already contacted previously
daniel@anytospeech.com,Rate My Singing,Export Partnership Proposal - Premium Singing Bowls Supplier,2026-09-09 23:54:52,Skipped,Already contacted previously
support@singmeter.com,Singmeter,Export Partnership Proposal - Premium Singing Bowls Supplier,2026-09-09 23:54:52,Skipped,Already contacted previously
sales@crystalbowlswholesale.com,Crystal Bowls Wholesale,Export Partnership Proposal - Premium Singing Bowls Supplier,2026-09-09 23:54:52,Skipped,Already contacted previously
rain@isingingbowls.com,Faqs,Export Partnership Proposal - Premium Singing Bowls Supplier,2026-09-09 23:54:52,Skipped,Already contacted previously
support@studenthandicrafts.com,Singing Bowl Wholesale From Nepal,Export Partnership Proposal - Premium Singing Bowls Supplier,2026-09-09 23:54:52,Skipped,Already contacted previously
info@ecofy.io,Clear Pet Bowl & Rectangular Lids Manufacturer,Export Partnership Proposal - Premium Singing Bowls Supplier,2026-09-09 23:54:52,Skipped,Already contacted previously
support@contactout.com,Email Finder By Contactout,Export Partnership Proposal - Premium Singing Bowls Supplier,2026-09-09 23:54:52,Skipped,Already contacted previously
epc@poet.com,Contact,Export Partnership Proposal - Premium Singing Bowls Supplier,2026-09-09 23:54:52,Skipped,Already contacted previously
business@lindenlab.com,Contact,Export Partnership Proposal - Premium Singing Bowls Supplier,2026-09-09 23:54:52,Skipped,Already contacted previously
info@mytilapia.com,Tilapia Fish And Fillet Importer/Wholesaler/Distributor,Export Partnership Proposal - Premium Singing Bowls Supplier,2026-09-09 23:54:52,Skipped,Already contacted previously
support@singingbowlsound.com,Instagram,Export Partnership Proposal - Premium Singing Bowls Supplier,2026-09-09 23:54:52,Skipped,Already contacted previously
besthimalayaglobal@gmail.com,Wholesale Singing Bowl Shipping & Lead Times,Export Partnership Proposal - Premium Singing Bowls Supplier,2026-09-09 23:54:52,Skipped,Already contacted previously
info@thesingingbowlcenter.com,The Singing Bowl Manufacturer & Exporter Since 1959,Export Partnership Proposal - Premium Singing Bowls Supplier,2026-09-09 23:54:52,Skipped,Already contacted previously
trade.client.access@jpmchase.com,J.P. Morgan Log In,Export Partnership Proposal - Premium Singing Bowls Supplier,2026-09-09 23:54:52,Skipped,Already contacted previously
support@goplusus.com,Attachment Ii List Of Importers,Export Partnership Proposal - Premium Singing Bowls Supplier,2026-09-09 23:54:52,Skipped,Already contacted previously
farmlandimports@sbcglobal.net,National Shippers Contact List,Export Partnership Proposal - Premium Singing Bowls Supplier,2026-09-09 23:54:52,Skipped,Already contacted previously
support@whitepages.com,The White Pages Phone Book & Directory,Export Partnership Proposal - Premium Singing Bowls Supplier,2026-09-09 23:54:52,Skipped,Already contacted previously
admin@singingbowlshop.com,About Us,Export Partnership Proposal - Premium Singing Bowls Supplier,2026-09-09 23:54:52,Skipped,Already contacted previously
moe@adm.org,Singing Bowls Importers,Export Partnership Proposal - Premium Singing Bowls Supplier,2026-09-09 23:54:52,Skipped,Already contacted previously
customercare@indiamart.com,"Tibetan Singing Bowl Set, Antique Design",Export Partnership Proposal - Premium Singing Bowls Supplier,2026-09-09 23:54:52,Skipped,Already contacted previously
info@himalayasshop.com,Himalayas Shop,Export Partnership Proposal - Premium Singing Bowls Supplier,2026-09-09 23:54:52,Skipped,Already contacted previously
info@moxiusa.com,Attachment Ii List Of Importers,Export Partnership Proposal - Premium Singing Bowls Supplier,2026-09-09 23:54:52,Skipped,Already contacted previously
joep@voyagerfarmsllc.com,National Shippers Contact List,Export Partnership Proposal - Premium Singing Bowls Supplier,2026-09-09 23:54:52,Skipped,Already contacted previously
eximnasir@gmail.com,Handmade Soap Buyers & Importers,Export Partnership Proposal - Premium Singing Bowls Supplier,2026-09-09 23:54:52,Skipped,Already contacted previously
name@company.com,Contact,Export Partnership Proposal - Premium Singing Bowls Supplier,2026-09-09 23:54:52,Skipped,Already contacted previously
ashwani.singingbowlexporter@gmail.com,Handmade Singing Bowl Manufacturer And Exporter,Export Partnership Proposal - Premium Singing Bowls Supplier,2026-09-09 23:54:52,Skipped,Already contacted previously
info@studenthandicrafts.com,Singing Bowl Wholesale From Nepal,Export Partnership Proposal - Premium Singing Bowls Supplier,2026-09-09 23:54:52,Skipped,Already contacted previously
export@ecofy.io,Clear Pet Bowl & Rectangular Lids Manufacturer,Export Partnership Proposal - Premium Singing Bowls Supplier,2026-09-09 23:54:52,Skipped,Already contacted previously
connect@trademo.com,Singing Bowl Buyers & Importers In United States,Export Partnership Proposal - Premium Singing Bowls Supplier,2026-09-09 23:54:52,Skipped,Already contacted previously
sales@dataintelo.com,Singing Bowls Sales Market Research Report 2034,Export Partnership Proposal - Premium Singing Bowls Supplier,2026-09-09 23:54:52,Skipped,Already contacted previously
enquiries@verifiedmarketresearch.com,Singing Bowls Market Size And Forecast,Export Partnership Proposal - Premium Singing Bowls Supplier,2026-09-09 23:54:52,Skipped,Already contacted previously
orders@evertonesingingbowls.com,Customer Support – Evertone Singing Bowls,Export Partnership Proposal - Premium Singing Bowls Supplier,2026-09-09 23:54:52,Skipped,Already contacted previously
gacxpress.nepal1@gmail.com,We Don'T Manufacture Singing Bowls Just To Make Them Look Beautiful ...,Export Partnership Proposal - Premium Singing Bowls Supplier,2026-09-09 23:54:52,Skipped,Already contacted previously
support@exportbusinessmart.com,Export Business Mart,Export Partnership Proposal - Premium Singing Bowls Supplier,2026-09-09 23:54:52,Skipped,Already contacted previously
mails@epch.com,Hall No. 16 Exhibitors List,Export Partnership Proposal - Premium Singing Bowls Supplier,2026-09-09 23:54:53,Skipped,Already contacted previously
customer@rainbowsounds.co,Soul Star Chakra Crystal Singing Bowls,Export Partnership Proposal - Premium Singing Bowls Supplier,2026-09-09 23:54:53,Skipped,Already contacted previously
sales@sownseedo.com,Frosted Quartz Crystal Singing Bowl Buyers & Importers,Export Partnership Proposal - Premium Singing Bowls Supplier,2026-09-09 23:54:53,Skipped,Already contacted previously
info@wiseguyreports.com,"Singing Bowls Market Size, Trends & Forecast 2035",Export Partnership Proposal - Premium Singing Bowls Supplier,2026-09-09 23:54:53,Skipped,Already contacted previously
handmadesingingbowl01@gmail.com,Tibetan Handmade Singing Bowls Wholesale,Export Partnership Proposal - Premium Singing Bowls Supplier,2026-09-09 23:54:53,Skipped,Already contacted previously
info@usingredients.com,Us Ingredients Llc - Www.Usingredients.Com,Export Partnership Proposal - Premium Singing Bowls Supplier,2026-09-09 23:54:53,Skipped,Already contacted previously
closeouts@merchandiseusa.com,Merchandise Usa Closeout Buyers - Overstock And Liquidation Buyers,Export Partnership Proposal - Premium Singing Bowls Supplier,2026-09-09 23:54:53,Skipped,Already contacted previously
supplierinquiries@sanmar.com,Contact Us,Export Partnership Proposal - Premium Singing Bowls Supplier,2026-09-09 23:54:53,Skipped,Already contacted previously
partnership@trademo.com,Singing Bowl Buyers & Importers In United States,Export Partnership Proposal - Premium Singing Bowls Supplier,2026-09-09 23:54:53,Skipped,Already contacted previously
press@google.com,Gmail,Export Partnership Proposal - Premium Singing Bowls Supplier,2026-09-09 23:54:53,Skipped,Already contacted previously
welcome@dohbamezcal.com,Ernesto E. Aguirre - Importer & Distributor Of Ultra-Premium ...,Export Partnership Proposal - Premium Singing Bowls Supplier,2026-09-09 23:54:53,Skipped,Already contacted previously
gbsourcingbd@gmail.com,Global Buyer Sourcing - Global Buyer Sourcing,Export Partnership Proposal - Premium Singing Bowls Supplier,2026-09-09 23:54:53,Skipped,Already contacted previously
info@castlecf.com,Importer And Distributor,Export Partnership Proposal - Premium Singing Bowls Supplier,2026-09-09 23:54:53,Skipped,Already contacted previously
forsale@themightybowl.com,Big News! Mighty Bowl Company Is Officially For Sale! Who Out ...,Export Partnership Proposal - Premium Singing Bowls Supplier,2026-09-09 23:54:53,Skipped,Already contacted previously
support@petalcard.com,Contact,Export Partnership Proposal - Premium Singing Bowls Supplier,2026-09-09 23:54:53,Skipped,Already contacted previously
franjeri1001@gmail.com,"Fertilizer Buyer, Seller, Importer, Trader – Urea, Can, Dap, Npk, Map, Mop | 🌍 Global Fertilizer Market Analysis – November 17, 2025",Export Partnership Proposal - Premium Singing Bowls Supplier,2026-09-09 23:54:53,Skipped,Already contacted previously
csr@mlilyusa.com,Attachment Ii List Of Importers,Export Partnership Proposal - Premium Singing Bowls Supplier,2026-09-09 23:54:53,Skipped,Already contacted previously
lilywanging@gmail.com,"Fertilizer Buyer, Seller, Importer, Trader – Urea, Can, Dap, Npk, Map, Mop | Calcium Ammonium Nitrate, Large Quantities In Stock And Ready To Ship At Any Time",Export Partnership Proposal - Premium Singing Bowls Supplier,2026-09-09 23:54:53,Skipped,Already contacted previously
info@vietgro.com,"Fertilizer Buyer, Seller, Importer, Trader – Urea, Can, Dap, Npk, Map, Mop | 🌍 [Fertilizer Market Update – August 2025]",Export Partnership Proposal - Premium Singing Bowls Supplier,2026-09-09 23:54:53,Skipped,Already contacted previously
info@arc-vlogistic.com,"King Crude Oil And Gas Buyer And Seller | Dear Sir/Madam,",Export Partnership Proposal - Premium Singing Bowls Supplier,2026-09-09 23:54:53,Skipped,Already contacted previously
support_capitalconnect@jpmorgan.com,J.P. Morgan Log In,Export Partnership Proposal - Premium Singing Bowls Supplier,2026-09-09 23:54:53,Skipped,Already contacted previously
raz@razimports.com,Raz Imports Inc.,Export Partnership Proposal - Premium Singing Bowls Supplier,2026-09-09 23:54:53,Skipped,Already contacted previously
contactus@exporthub.com,Singing Bowl Wholesale Supplier,Export Partnership Proposal - Premium Singing Bowls Supplier,2026-09-09 23:54:53,Skipped,Already contacted previously
sales@findthedistributor.com,Find The Distributor,Export Partnership Proposal - Premium Singing Bowls Supplier,2026-09-09 23:54:53,Skipped,Already contacted previously
prudence@wholesalerecruitingsolutions.com,"Wholesale Recruiting Solutions, Llc - The Electrical Distribution And Manufacturer Rep Recruiting Experts",Export Partnership Proposal - Premium Singing Bowls Supplier,2026-09-09 23:54:53,Skipped,Already contacted previously
contactus@tradekey.com,"Usa Singing Bowls Importers, Buyers And Distributors",Export Partnership Proposal - Premium Singing Bowls Supplier,2026-09-09 23:54:53,Skipped,Already contacted previously
gopaliimports@gmail.com,Gopali Authentic Tibetan Singing Bowls & Sound Healing In St ...,Export Partnership Proposal - Premium Singing Bowls Supplier,2026-09-09 23:54:53,Skipped,Already contacted previously
info@go4futuro.com,Frosted Quartz Crystal Singing Bowl Buyers & Importers,Export Partnership Proposal - Premium Singing Bowls Supplier,2026-09-09 23:54:53,Skipped,Already contacted previously
info@vntc.net.vn,Spices Market For Importer And Exporter | A-B Whole Cassia For Export - Competitive Prices & High Quality,Export Partnership Proposal - Premium Singing Bowls Supplier,2026-09-09 23:54:53,Skipped,Already contacted previously
catrina@sacredsoundofthesoul.com,Sacred Sound Of The Soul,Export Partnership Proposal - Premium Singing Bowls Supplier,2026-09-09 23:54:53,Skipped,Already contacted previously
info@dsn.group,Katerina Myroshnyk,Export Partnership Proposal - Premium Singing Bowls Supplier,2026-09-09 23:54:53,Skipped,Already contacted previously
mohammed@maghco.sa,Frosted Quartz Crystal Singing Bowl Buyers & Importers,Export Partnership Proposal - Premium Singing Bowls Supplier,2026-09-09 23:54:53,Skipped,Already contacted previously
info@belmontoilgas.com,Frosted Quartz Crystal Singing Bowl Buyers & Importers,Export Partnership Proposal - Premium Singing Bowls Supplier,2026-09-09 23:54:53,Skipped,Already contacted previously
tradeoneusa@gmail.com,Decorative Candle Holders For Home Décor,Export Partnership Proposal - Premium Singing Bowls Supplier,2026-09-09 23:54:53,Skipped,Already contacted previously
support@tradewheel.com,United States Candle Holders Buyers And Importers List!,Export Partnership Proposal - Premium Singing Bowls Supplier,2026-09-09 23:54:53,Skipped,Already contacted previously
ryan@yubaiglass.com,Wholesale Glass Candle Holders Manufacturer,Export Partnership Proposal - Premium Singing Bowls Supplier,2026-09-09 23:54:53,Skipped,Already contacted previously
foryou@foryoudecor.com,Crystal Candle Holder Wholesale Supplier,Export Partnership Proposal - Premium Singing Bowls Supplier,2026-09-09 23:54:53,Skipped,Already contacted previously
info@ace-chn.om,China Crystal Candle Holder Buyers & Importers,Export Partnership Proposal - Premium Singing Bowls Supplier,2026-09-09 23:54:53,Skipped,Already contacted previously
info@alishbaimpex.com,Alishba Impex,Export Partnership Proposal - Premium Singing Bowls Supplier,2026-09-09 23:54:53,Skipped,Already contacted previously
evecraftoverseas.info@gmail.com,We'Re Manufacture And Wholesaler Of Home Decor Products ...,Export Partnership Proposal - Premium Singing Bowls Supplier,2026-09-09 23:54:53,Skipped,Already contacted previously
daniel@cregapak.com,Daniel /Cosmetic Packaging/ Home Decoration,Export Partnership Proposal - Premium Singing Bowls Supplier,2026-09-09 23:54:53,Skipped,Already contacted previously
sardarhussainimpex@gmail.com,Zaryat Siddiqui - Indian Manufacture | Home Decor | Bulk ...,Export Partnership Proposal - Premium Singing Bowls Supplier,2026-09-09 23:54:53,Skipped,Already contacted previously
a.h.handicraftsinc@gmail.com,A.H. Handicrafts Inc.,Export Partnership Proposal - Premium Singing Bowls Supplier,2026-09-09 23:54:53,Skipped,Already contacted previously
lovefreecandles@verizon.net,Alayna Stiffler - Sr. Team Leader/Fragrance Consultant & Direct ...,Export Partnership Proposal - Premium Singing Bowls Supplier,2026-09-09 23:54:53,Skipped,Already contacted previously
info@asianexportex.com,Asian Exportex,Export Partnership Proposal - Premium Singing Bowls Supplier,2026-09-09 23:54:53,Skipped,Already contacted previously
elsevent2012@gmail.com,Candles Holder For Rental. For Inquiry 0818293582 ...,Export Partnership Proposal - Premium Singing Bowls Supplier,2026-09-09 23:54:53,Skipped,Already contacted previously
laromausa@gmail.com,L'Aroma Usa - Manufacturer And Distributor Of Scented Candles,Export Partnership Proposal - Premium Singing Bowls Supplier,2026-09-09 23:54:53,Skipped,Already contacted previously
info@tradewheel.com,United States Candle Holders Buyers And Importers List!,Export Partnership Proposal - Premium Singing Bowls Supplier,2026-09-09 23:54:53,Skipped,Already contacted previously
sales.bhavatuorganic@gmail.com,Frosted Quartz Crystal Singing Bowl Buyers & Importers,Export Partnership Proposal - Premium Singing Bowls Supplier,2026-09-09 23:54:53,Skipped,Already contacted previously
ashok560@yahoo.com,Frosted Quartz Crystal Singing Bowl Buyers & Importers,Export Partnership Proposal - Premium Singing Bowls Supplier,2026-09-09 23:54:53,Skipped,Already contacted previously
sales@danaexport.com.eg,Frosted Quartz Crystal Singing Bowl Buyers & Importers,Export Partnership Proposal - Premium Singing Bowls Supplier,2026-09-09 23:54:53,Skipped,Already contacted previously
info@shakti.life,Etched Handmade Singing Bowls,Export Partnership Proposal - Premium Singing Bowls Supplier,2026-09-09 23:58:11,Failed,SMTP Error: [Errno 11001] getaddrinfo failed
2960adcdd7704551bff19823820fca44@sentry.wixpress.com,Contact,Export Partnership Proposal - Premium Singing Bowls Supplier,2026-09-09 23:58:11,Failed,SMTP Error: [Errno 11001] getaddrinfo failed
frfs.media@chi.frb.org,Wholesale Testing Services,Export Partnership Proposal - Premium Singing Bowls Supplier,2026-09-09 23:58:11,Skipped,Already contacted previously
info@jimthompsonusa.com,Tibetan Sun,Export Partnership Proposal - Premium Singing Bowls Supplier,2026-09-09 23:58:11,Skipped,Already contacted previously
donate@wcs.org,Himalayan Highlands,Export Partnership Proposal - Premium Singing Bowls Supplier,2026-09-09 23:58:11,Skipped,Already contacted previously
events@companybar.co,Company,Export Partnership Proposal - Premium Singing Bowls Supplier,2026-09-09 23:58:11,Skipped,Already contacted previously
care@sarveda.com,Etched Handmade Singing Bowls,Export Partnership Proposal - Premium Singing Bowls Supplier,2026-09-09 23:58:11,Skipped,Already contacted previously
f36cc48fb72b4d298c835f2793cf3b84@sentry-next.wixpress.com,Contact,Export Partnership Proposal - Premium Singing Bowls Supplier,2026-09-09 23:58:11,Skipped,Already contacted previously
271e9fa3230b4eec94b02bf95780f5f2@sentry.wixpress.com,Himalayan Singing Bowls,Export Partnership Proposal - Premium Singing Bowls Supplier,2026-09-09 23:58:11,Skipped,Already contacted previously
info@wholesalechess.com,"Chess Sets, Boards, Pieces, & Supplies",Export Partnership Proposal - Premium Singing Bowls Supplier,2026-09-09 23:58:11,Skipped,Already contacted previously
info@buyerpersona.com,Home,Export Partnership Proposal - Premium Singing Bowls Supplier,2026-09-09 23:58:11,Skipped,Already contacted previously
youremail@mail.com,Tibetan Sun,Export Partnership Proposal - Premium Singing Bowls Supplier,2026-09-09 23:58:11,Skipped,Already contacted previously
onlinetickets@wcs.org,Himalayan Highlands,Export Partnership Proposal - Premium Singing Bowls Supplier,2026-09-09 23:58:11,Skipped,Already contacted previously
2062d0a4929b45348643784b5cb39c36@sentry.wixpress.com,Himalayan Singing Bowls,Export Partnership Proposal - Premium Singing Bowls Supplier,2026-09-09 23:58:11,Skipped,Already contacted previously
siteinfo@frbservices.org,Wholesale Testing Services,Export Partnership Proposal - Premium Singing Bowls Supplier,2026-09-09 23:58:11,Skipped,Already contacted previously
frank.cancelloni@jimthompson.com,Tibetan Sun,Export Partnership Proposal - Premium Singing Bowls Supplier,2026-09-09 23:58:11,Skipped,Already contacted previously
help@newyorker.com,Warm Chickpea Bowls With Lemony Yogurt Recipe,Export Partnership Proposal - Premium Singing Bowls Supplier,2026-09-09 23:58:11,Skipped,Already contacted previously
membership@wcs.org,Himalayan Highlands,Export Partnership Proposal - Premium Singing Bowls Supplier,2026-09-09 23:58:11,Skipped,Already contacted previously
global.mindfulness.center@gmail.com,Meditation,Export Partnership Proposal - Premium Singing Bowls Supplier,2026-09-09 23:58:11,Skipped,Already contacted previously
460ff4620fa44cba8df530afde949785@sentry.wixpress.com,Himalayan Singing Bowls,Export Partnership Proposal - Premium Singing Bowls Supplier,2026-09-09 23:58:11,Skipped,Already contacted previously
nancy@salwen.net,Learn To Sing With Confidence And Joy,Export Partnership Proposal - Premium Singing Bowls Supplier,2026-09-09 23:58:11,Skipped,Already contacted previously
you@email.com,The Singing Bowl Manufacturer & Exporter Since 1959,Export Partnership Proposal - Premium Singing Bowls Supplier,2026-09-09 23:58:11,Skipped,Already contacted previously
info@companybar.co,Company,Export Partnership Proposal - Premium Singing Bowls Supplier,2026-09-09 23:58:11,Skipped,Already contacted previously
325506e3332d487999567a7bc91d151d@bug-reporting-xalgha6.m-w.com,Company Definition & Meaning,Export Partnership Proposal - Premium Singing Bowls Supplier,2026-09-09 23:58:11,Skipped,Already contacted previously
dd@gmail.com,Singing Bowls,Export Partnership Proposal - Premium Singing Bowls Supplier,2026-09-09 23:58:11,Skipped,Already contacted previously
5d1795a2db124a268f1e1bd88f503500@sentry.wixpress.com,Himalayan Singing Bowls,Export Partnership Proposal - Premium Singing Bowls Supplier,2026-09-09 23:58:11,Skipped,Already contacted previously
orders.soundworks@gmail.com,Chunky Wands For Himalayan Singing Bowls – Soundworkssoundtherapy,Export Partnership Proposal - Premium Singing Bowls Supplier,2026-09-09 23:58:11,Skipped,Already contacted previously
info@originalbuddhas.com,Himalayan Singing Bowls,Export Partnership Proposal - Premium Singing Bowls Supplier,2026-09-09 23:58:11,Skipped,Already contacted previously
dd0a55ccb8124b9c9d938e3acf41f8aa@sentry.wixpress.com,Himalayan Singing Bowls,Export Partnership Proposal - Premium Singing Bowls Supplier,2026-09-09 23:58:11,Skipped,Already contacted previously
support@soundworkssoundtherapy.com,Chunky Wands For Himalayan Singing Bowls – Soundworkssoundtherapy,Export Partnership Proposal - Premium Singing Bowls Supplier,2026-09-09 23:58:11,Skipped,Already contacted previously
info@himalayansoundsingingbowl.com,Contact,Export Partnership Proposal - Premium Singing Bowls Supplier,2026-09-09 23:58:11,Skipped,Already contacted previously
susan@terremusic.com,Singing Bowl,Export Partnership Proposal - Premium Singing Bowls Supplier,2026-09-09 23:58:11,Skipped,Already contacted previously
bachhaladevitraders76@gmail.com,"Contact Us, Singing Bowl Sounds",Export Partnership Proposal - Premium Singing Bowls Supplier,2026-09-09 23:58:11,Skipped,Already contacted previously
support@silentmindbowls.com,Site Notice – Silent Mind,Export Partnership Proposal - Premium Singing Bowls Supplier,2026-09-09 23:58:11,Skipped,Already contacted previously
941071-855-225-7372info@thegongshop.com,Singing Bowls – The Gong Shop,Export Partnership Proposal - Premium Singing Bowls Supplier,2026-09-09 23:58:11,Skipped,Already contacted previously
sales@theeveresttrader.com,Tibetan Singing Bowls – The Everest Trader,Export Partnership Proposal - Premium Singing Bowls Supplier,2026-09-09 23:58:11,Skipped,Already contacted previously
hello@shantibowl.com,Contact Us,Export Partnership Proposal - Premium Singing Bowls Supplier,2026-09-09 23:58:11,Skipped,Already contacted previously
shop@wu-dang-pai.de,Singing Bowl,Export Partnership Proposal - Premium Singing Bowls Supplier,2026-09-09 23:58:11,Skipped,Already contacted previously
info@dharmashop.com,Wholesale Singing Bowls,Export Partnership Proposal - Premium Singing Bowls Supplier,2026-09-09 23:58:11,Skipped,Already contacted previously
sara@soundello.com,"Crystal Singing Bowl, Manufacturer – Soundello",Export Partnership Proposal - Premium Singing Bowls Supplier,2026-09-09 23:58:11,Skipped,Already contacted previously
knightpeople@msn.com,Temple Sounds Tibetan Singing Bowls,Export Partnership Proposal - Premium Singing Bowls Supplier,2026-09-09 23:58:11,Skipped,Already contacted previously
ryanlstanley@hotmail.com,Crystal Tones® Alchemy Crystal Singing Bowls – Sacred Sound Of The Soul,Export Partnership Proposal - Premium Singing Bowls Supplier,2026-09-09 23:58:11,Skipped,Already contacted previously
oceanic@oceaniclink.com,Singing Bowls,Export Partnership Proposal - Premium Singing Bowls Supplier,2026-09-09 23:58:11,Skipped,Already contacted previously
brs@yao.com,Singing Bowls Importers,Export Partnership Proposal - Premium Singing Bowls Supplier,2026-09-09 23:58:11,Skipped,Already contacted previously
narek@musicofwisdom.com,The Complete Guide To Buying A Singing Bowl,Export Partnership Proposal - Premium Singing Bowls Supplier,2026-09-09 23:58:11,Skipped,Already contacted previously
support@katmandutrading.com,Wholesale Singing Bowl,Export Partnership Proposal - Premium Singing Bowls Supplier,2026-09-09 23:58:11,Skipped,Already contacted previously
myname@email.com,Himalayan Blackberry Pie,Export Partnership Proposal - Premium Singing Bowls Supplier,2026-09-09 23:58:11,Skipped,Already contacted previously
intake@cycleworld.com,"A 3,500",Export Partnership Proposal - Premium Singing Bowls Supplier,2026-09-09 23:58:12,Skipped,Already contacted previously
contactwhatsinthepan@gmail.com,Himalayan Salt Vs Sea Salt,Export Partnership Proposal - Premium Singing Bowls Supplier,2026-09-09 23:58:12,Skipped,Already contacted previously
legislative.affairs@eda.gov,Contact Us,Export Partnership Proposal - Premium Singing Bowls Supplier,2026-09-09 23:58:12,Skipped,Already contacted previously
admissions@reformationbiblecollege.org,The Value Of Hymn Singing,Export Partnership Proposal - Premium Singing Bowls Supplier,2026-09-09 23:58:12,Skipped,Already contacted previously
guy@bellsofbliss.com,About Our Singing Bowls,Export Partnership Proposal - Premium Singing Bowls Supplier,2026-09-09 23:58:12,Skipped,Already contacted previously
jayapal.casework@mail.house.gov,Email,Export Partnership Proposal - Premium Singing Bowls Supplier,2026-09-09 23:58:12,Skipped,Already contacted previously
contact@tarabrach.com,Meditation,Export Partnership Proposal - Premium Singing Bowls Supplier,2026-09-09 23:58:12,Skipped,Already contacted previously
help@mapquest.com,"Himalayan Singing Bowl And Trading, Street 17, Pokhara, Np",Export Partnership Proposal - Premium Singing Bowls Supplier,2026-09-09 23:58:12,Skipped,Already contacted previously
seaofart@gmail.com,Contact,Export Partnership Proposal - Premium Singing Bowls Supplier,2026-09-09 23:58:12,Skipped,Already contacted previously
accuracy@usatoday.com,Usa Today,Export Partnership Proposal - Premium Singing Bowls Supplier,2026-09-09 23:58:12,Skipped,Already contacted previously
info@thegongshop.com,Singing Bowls,Export Partnership Proposal - Premium Singing Bowls Supplier,2026-09-09 23:58:12,Skipped,Already contacted previously
wholesale@stansdonuts.com,Wholesale,Export Partnership Proposal - Premium Singing Bowls Supplier,2026-09-09 23:58:12,Skipped,Already contacted previously
syswtscustomertesting@frb.org,Wholesale Testing Services,Export Partnership Proposal - Premium Singing Bowls Supplier,2026-09-09 23:58:12,Skipped,Already contacted previously
enquiries@jimthompson.com,Tibetan Sun,Export Partnership Proposal - Premium Singing Bowls Supplier,2026-09-09 23:58:12,Skipped,Already contacted previously
diane.landry@wcax.com,"Vermont’S Tibetan, Nepalese Communities Grieve After Flooding",Export Partnership Proposal - Premium Singing Bowls Supplier,2026-09-09 23:58:12,Skipped,Already contacted previously
info@perennialsfabrics.com,Brush Work Tibetan Knot,Export Partnership Proposal - Premium Singing Bowls Supplier,2026-09-09 23:58:12,Skipped,Already contacted previously
eva@thecuriouschickpea.com,Tibetan Vegetable Momos With Spicy Sesame Tomato Chutney • The Curious Chickpea,Export Partnership Proposal - Premium Singing Bowls Supplier,2026-09-09 23:58:12,Skipped,Already contacted previously
info@artoftibet.com,Singing Bowl,Export Partnership Proposal - Premium Singing Bowls Supplier,2026-09-09 23:58:12,Skipped,Already contacted previously
hello@mindfulstore.com.au,Singing Sound Bowl Wholesale Supplier,Export Partnership Proposal - Premium Singing Bowls Supplier,2026-09-09 23:58:12,Skipped,Already contacted previously
tips@rideapart.com,Buying Something Other Than A Royal Enfield Himalayan ...,Export Partnership Proposal - Premium Singing Bowls Supplier,2026-09-09 23:58:12,Skipped,Already contacted previously
nepalartshop@outlook.com,Tibetan Therapy Singing Bowls – Human Body Healing Throungh Sound Bowls,Export Partnership Proposal - Premium Singing Bowls Supplier,2026-09-09 23:58:12,Skipped,Already contacted previously
info@accessoryarcade.com,Wholesale Yoga Accessories & Equipment Supply To Usa,Export Partnership Proposal - Premium Singing Bowls Supplier,2026-09-09 23:58:12,Skipped,Already contacted previously
besthimalayaglobal@gmail.co,Wholesale Singing Bowl Shipping & Lead Times,Export Partnership Proposal - Premium Singing Bowls Supplier,2026-09-09 23:58:12,Skipped,Already contacted previously
support@studenthandicrafts.co,Singing Bowl Wholesale From Nepal,Export Partnership Proposal - Premium Singing Bowls Supplier,2026-09-09 23:58:12,Skipped,Already contacted previously
info@bodhisattva.co,Bodhisattva Trading Company,Export Partnership Proposal - Premium Singing Bowls Supplier,2026-09-09 23:58:12,Skipped,Already contacted previously
info@bowlsound.co,Contact Us – Singing Bowl Sound And Craft,Export Partnership Proposal - Premium Singing Bowls Supplier,2026-09-09 23:58:12,Skipped,Already contacted previously
bowlsofsound44@gmail.co,Contact – Bowls Of Sound,Export Partnership Proposal - Premium Singing Bowls Supplier,2026-09-09 23:58:12,Skipped,Already contacted previously
%20sales@mefree.co,Wholesale Yoga Props,Export Partnership Proposal - Premium Singing Bowls Supplier,2026-09-09 23:58:12,Skipped,Already contacted previously
support@smokeaxis.co,Vd Importers — Wholesale Distributor In Florida,Export Partnership Proposal - Premium Singing Bowls Supplier,2026-09-09 23:58:12,Skipped,Already contacted previously
info@beveragetradenetwork.co,Directory Of Spirits Importers Worldwide,Export Partnership Proposal - Premium Singing Bowls Supplier,2026-09-09 23:58:12,Skipped,Already contacted previously
info@bestwineimporters.co,"Spirits Importers, Distributors Platform",Export Partnership Proposal - Premium Singing Bowls Supplier,2026-09-09 23:58:12,Skipped,Already contacted previously
aakash@usaspiritsratings.co,"Kontapel, Ukrainian Brand Now Calling Usa Spirits Importers ...",Export Partnership Proposal - Premium Singing Bowls Supplier,2026-09-09 23:58:12,Skipped,Already contacted previously
ergt@internationalbeveragenetwork.co,"Wine And Spirits Distributors Importers In Usa, China, Uk, Japan ...",Export Partnership Proposal - Premium Singing Bowls Supplier,2026-09-09 23:58:12,Skipped,Already contacted previously
ec8@yao.co,Singing Bowls Importers,Export Partnership Proposal - Premium Singing Bowls Supplier,2026-09-09 23:58:12,Skipped,Already contacted previously
info@soundtopia.co,Contact,Export Partnership Proposal - Premium Singing Bowls Supplier,2026-09-09 23:58:12,Skipped,Already contacted previously
business@besthimalaya.co,Wholesale Singing Bowl Shipping & Lead Times,Export Partnership Proposal - Premium Singing Bowls Supplier,2026-09-09 23:58:12,Skipped,Already contacted previously
contactus@tradekey.co,"Usa Singing Bowls Importers, Buyers And Distributors",Export Partnership Proposal - Premium Singing Bowls Supplier,2026-09-09 23:58:12,Skipped,Already contacted previously
export@singingbowlsspecialist.co,"Premium Singing Bowls Exporter To Usa, Best Tibetan Handcrafted ...",Export Partnership Proposal - Premium Singing Bowls Supplier,2026-09-09 23:58:12,Skipped,Already contacted previously
gopaliimports@gmail.co,Gopali Authentic Tibetan Singing Bowls & Sound Healing In St ...,Export Partnership Proposal - Premium Singing Bowls Supplier,2026-09-09 23:58:12,Skipped,Already contacted previously
info@indiancraftcentre.co,About Us,Export Partnership Proposal - Premium Singing Bowls Supplier,2026-09-09 23:58:12,Skipped,Already contacted previously
info@ranasingingbowlcentre.co,Singing Bowl Exporters,Export Partnership Proposal - Premium Singing Bowls Supplier,2026-09-09 23:58:12,Skipped,Already contacted previously
contact@domain.co,"Singing Bowl Manufacturer, Himalayan Tibetan Hand Made Singing ...",Export Partnership Proposal - Premium Singing Bowls Supplier,2026-09-09 23:58:12,Skipped,Already contacted previously
info@accessoryarcade.co,Wholesale Yoga Accessories & Equipment Supply To Usa,Export Partnership Proposal - Premium Singing Bowls Supplier,2026-09-09 23:58:12,Skipped,Already contacted previously
info@rawsomeshack.com,Trader,Export Partnership Proposal - Premium Singing Bowls Supplier,2026-09-09 23:58:12,Skipped,Already contacted previously
contact@fitness-wholesale.co,Meditation,Export Partnership Proposal - Premium Singing Bowls Supplier,2026-09-09 23:58:12,Skipped,Already contacted previously
info@naviexports.co,Yoga & Wellness Products Exporters & Suppliers,Export Partnership Proposal - Premium Singing Bowls Supplier,2026-09-09 23:58:12,Skipped,Already contacted previously
admin1405@suryaincense.co,The Surya Exports,Export Partnership Proposal - Premium Singing Bowls Supplier,2026-09-09 23:58:12,Skipped,Already contacted previously
info@meghaaromatics.co,Viajyshree Golden Nag Meditation Incense Sticks Online,Export Partnership Proposal - Premium Singing Bowls Supplier,2026-09-09 23:58:12,Skipped,Already contacted previously
helpme@yogahustle.co,"Wholesale Yoga Mats, Yoga Props, Yoga Equipment With Yoga Hustle",Export Partnership Proposal - Premium Singing Bowls Supplier,2026-09-09 23:58:12,Skipped,Already contacted previously
sales@mefree.co,Wholesale Yoga Props,Export Partnership Proposal - Premium Singing Bowls Supplier,2026-09-09 23:58:12,Skipped,Already contacted previously
email@example.co,The Sound Journey Store,Export Partnership Proposal - Premium Singing Bowls Supplier,2026-09-09 23:58:12,Skipped,Already contacted previously
orderdesk@natures-artifacts.co,Home Page,Export Partnership Proposal - Premium Singing Bowls Supplier,2026-09-09 23:58:12,Skipped,Already contacted previously
example@yourdomain.co,Zed Black,Export Partnership Proposal - Premium Singing Bowls Supplier,2026-09-09 23:58:12,Skipped,Already contacted previously
scalaneinternational@gmail.co,Incense Stick Exporter From India,Export Partnership Proposal - Premium Singing Bowls Supplier,2026-09-09 23:58:12,Skipped,Already contacted previously
sales@yanrefitness.co,Wholesale Cork Yoga Mat,Export Partnership Proposal - Premium Singing Bowls Supplier,2026-09-09 23:58:12,Skipped,Already contacted previously
xxx@xxx.xxx,"Boxing, Mma, Yoga, Fitness, Combat Sports Equipment & Gear ...",Export Partnership Proposal - Premium Singing Bowls Supplier,2026-09-09 23:58:12,Skipped,Already contacted previously
info@soundtopia.com,Antique Himalayan Singing Bowl Sets,Export Partnership Proposal - Premium Singing Bowls Supplier,2026-09-09 23:58:12,Skipped,Already contacted previously
jubao@lingying.com,1000 European Garment Buyers List,Export Partnership Proposal - Premium Singing Bowls Supplier,2026-09-09 23:58:12,Skipped,Already contacted previously
info@seair.co.in,"Sungwon Distributor Llc Importer/Buyer Data In Usa, Sungwon Distributor Llc Imports Data",Export Partnership Proposal - Premium Singing Bowls Supplier,2026-09-09 23:58:12,Skipped,Already contacted previously
export@singingbowlsspecialist.com,"Premium Singing Bowls Exporter To Usa, Best Tibetan Handcrafted ...",Export Partnership Proposal - Premium Singing Bowls Supplier,2026-09-09 23:58:12,Skipped,Already contacted previously
info@nepalartshop.com,Handmade Singing Bowls,Export Partnership Proposal - Premium Singing Bowls Supplier,2026-09-09 23:58:12,Skipped,Already contacted previously
nepalartshop@gmail.com,Handmade Singing Bowls,Export Partnership Proposal - Premium Singing Bowls Supplier,2026-09-09 23:58:12,Skipped,Already contacted previously
contact@granducati.com,Contact Granducati Usa Importer & Distributor,Export Partnership Proposal - Premium Singing Bowls Supplier,2026-09-09 23:58:12,Skipped,Already contacted previously
info@indiancraftcentre.com,About Us,Export Partnership Proposal - Premium Singing Bowls Supplier,2026-09-09 23:58:12,Skipped,Already contacted previously
info@bowlsound.com,Contact Us – Singing Bowl Sound And Craft,Export Partnership Proposal - Premium Singing Bowls Supplier,2026-09-09 23:58:12,Skipped,Already contacted previously
support@himalayanbowls.com,Contact Us,Export Partnership Proposal - Premium Singing Bowls Supplier,2026-09-09 23:58:12,Skipped,Already contacted previously
info@ranasingingbowlcentre.com,Singing Bowl Exporters,Export Partnership Proposal - Premium Singing Bowls Supplier,2026-09-09 23:58:12,Skipped,Already contacted previously
bo@synergybb.com,Importer & Distributor Business Sold,Export Partnership Proposal - Premium Singing Bowls Supplier,2026-09-09 23:58:12,Skipped,Already contacted previously
jmonemorecast@aol.com,Usa Distributor – Akios Fishing Tackle,Export Partnership Proposal - Premium Singing Bowls Supplier,2026-09-09 23:58:12,Skipped,Already contacted previously
solidrock4uall@live.com,Tequila Importer & Distributor Of Ultra Premium Tequila Products In The Usa,Export Partnership Proposal - Premium Singing Bowls Supplier,2026-09-09 23:58:12,Skipped,Already contacted previously
hello@soundtherapyshop.com,Contact Us,Export Partnership Proposal - Premium Singing Bowls Supplier,2026-09-09 23:58:12,Skipped,Already contacted previously
sales@nationaldropshippers.com,"Top 30 Leather Whole Seller In Usa (United States) ~ Top Buyer Seller List Of Usa, Uk, Canada, South Africa, Germany, India For Fashion, Leather",Export Partnership Proposal - Premium Singing Bowls Supplier,2026-09-09 23:58:12,Skipped,Already contacted previously
nishant.singingbowls@gmail.com,Handmade Singing Bowl Manufacturer And Exporter,Export Partnership Proposal - Premium Singing Bowls Supplier,2026-09-09 23:58:12,Skipped,Already contacted previously
service@stoneadd.com,"Croatia Stone Buyer, Croatian Stone Importer, Stone Wholesaler",Export Partnership Proposal - Premium Singing Bowls Supplier,2026-09-09 23:58:12,Skipped,Already contacted previously
info@saudgloves.com,"Importer, Distributor Or Agent.",Export Partnership Proposal - Premium Singing Bowls Supplier,2026-09-09 23:58:12,Skipped,Already contacted previously
customer-service@connexy.com,Jack Importer Email & Phone Number,Export Partnership Proposal - Premium Singing Bowls Supplier,2026-09-09 23:58:12,Skipped,Already contacted previously
pqsbpi@gmail.com,List Of Licensed Importers – Npqsd,Export Partnership Proposal - Premium Singing Bowls Supplier,2026-09-09 23:58:12,Skipped,Already contacted previously
info@bodhisattva.com,Bodhisattva Trading Company,Export Partnership Proposal - Premium Singing Bowls Supplier,2026-09-09 23:58:12,Skipped,Already contacted previously
ec8@yao.com,Singing Bowls Importers,Export Partnership Proposal - Premium Singing Bowls Supplier,2026-09-09 23:58:13,Skipped,Already contacted previously
business@besthimalaya.com,Handcrafted Singing Bowls In Usa,Export Partnership Proposal - Premium Singing Bowls Supplier,2026-09-09 23:58:13,Skipped,Already contacted previously
info@sacredsoundofthesoul.com,Crystal Tones® Alchemy Crystal Singing Bowls,Export Partnership Proposal - Premium Singing Bowls Supplier,2026-09-09 23:58:13,Skipped,Already contacted previously
bowlsofsound44@gmail.com,Contact – Bowls Of Sound,Export Partnership Proposal - Premium Singing Bowls Supplier,2026-09-09 23:58:13,Skipped,Already contacted previously
info@singingbowlshop.com,About Us,Export Partnership Proposal - Premium Singing Bowls Supplier,2026-09-09 23:58:13,Skipped,Already contacted previously
info@singarena.com,"Singarena – Karaoke, Ai Voice Score & Voice Rooms",Export Partnership Proposal - Premium Singing Bowls Supplier,2026-09-09 23:58:13,Skipped,Already contacted previously
support@screenapp.io,Rate My Voice,Export Partnership Proposal - Premium Singing Bowls Supplier,2026-09-09 23:58:13,Skipped,Already contacted previously
daniel@anytospeech.com,Rate My Singing,Export Partnership Proposal - Premium Singing Bowls Supplier,2026-09-09 23:58:13,Skipped,Already contacted previously
support@singmeter.com,Singmeter,Export Partnership Proposal - Premium Singing Bowls Supplier,2026-09-09 23:58:13,Skipped,Already contacted previously
sales@crystalbowlswholesale.com,Crystal Bowls Wholesale,Export Partnership Proposal - Premium Singing Bowls Supplier,2026-09-09 23:58:13,Skipped,Already contacted previously
rain@isingingbowls.com,Faqs,Export Partnership Proposal - Premium Singing Bowls Supplier,2026-09-09 23:58:13,Skipped,Already contacted previously
support@studenthandicrafts.com,Singing Bowl Wholesale From Nepal,Export Partnership Proposal - Premium Singing Bowls Supplier,2026-09-09 23:58:13,Skipped,Already contacted previously
info@ecofy.io,Clear Pet Bowl & Rectangular Lids Manufacturer,Export Partnership Proposal - Premium Singing Bowls Supplier,2026-09-09 23:58:13,Skipped,Already contacted previously
support@contactout.com,Email Finder By Contactout,Export Partnership Proposal - Premium Singing Bowls Supplier,2026-09-09 23:58:13,Skipped,Already contacted previously
epc@poet.com,Contact,Export Partnership Proposal - Premium Singing Bowls Supplier,2026-09-09 23:58:13,Skipped,Already contacted previously
business@lindenlab.com,Contact,Export Partnership Proposal - Premium Singing Bowls Supplier,2026-09-09 23:58:13,Skipped,Already contacted previously
info@mytilapia.com,Tilapia Fish And Fillet Importer/Wholesaler/Distributor,Export Partnership Proposal - Premium Singing Bowls Supplier,2026-09-09 23:58:13,Skipped,Already contacted previously
support@singingbowlsound.com,Instagram,Export Partnership Proposal - Premium Singing Bowls Supplier,2026-09-09 23:58:13,Skipped,Already contacted previously
besthimalayaglobal@gmail.com,Wholesale Singing Bowl Shipping & Lead Times,Export Partnership Proposal - Premium Singing Bowls Supplier,2026-09-09 23:58:13,Skipped,Already contacted previously
info@thesingingbowlcenter.com,The Singing Bowl Manufacturer & Exporter Since 1959,Export Partnership Proposal - Premium Singing Bowls Supplier,2026-09-09 23:58:13,Skipped,Already contacted previously
trade.client.access@jpmchase.com,J.P. Morgan Log In,Export Partnership Proposal - Premium Singing Bowls Supplier,2026-09-09 23:58:13,Skipped,Already contacted previously
support@goplusus.com,Attachment Ii List Of Importers,Export Partnership Proposal - Premium Singing Bowls Supplier,2026-09-09 23:58:13,Skipped,Already contacted previously
farmlandimports@sbcglobal.net,National Shippers Contact List,Export Partnership Proposal - Premium Singing Bowls Supplier,2026-09-09 23:58:13,Skipped,Already contacted previously
support@whitepages.com,The White Pages Phone Book & Directory,Export Partnership Proposal - Premium Singing Bowls Supplier,2026-09-09 23:58:13,Skipped,Already contacted previously
admin@singingbowlshop.com,About Us,Export Partnership Proposal - Premium Singing Bowls Supplier,2026-09-09 23:58:13,Skipped,Already contacted previously
moe@adm.org,Singing Bowls Importers,Export Partnership Proposal - Premium Singing Bowls Supplier,2026-09-09 23:58:13,Skipped,Already contacted previously
customercare@indiamart.com,"Tibetan Singing Bowl Set, Antique Design",Export Partnership Proposal - Premium Singing Bowls Supplier,2026-09-09 23:58:13,Skipped,Already contacted previously
info@himalayasshop.com,Himalayas Shop,Export Partnership Proposal - Premium Singing Bowls Supplier,2026-09-09 23:58:13,Skipped,Already contacted previously
info@moxiusa.com,Attachment Ii List Of Importers,Export Partnership Proposal - Premium Singing Bowls Supplier,2026-09-09 23:58:13,Skipped,Already contacted previously
joep@voyagerfarmsllc.com,National Shippers Contact List,Export Partnership Proposal - Premium Singing Bowls Supplier,2026-09-09 23:58:13,Skipped,Already contacted previously
eximnasir@gmail.com,Handmade Soap Buyers & Importers,Export Partnership Proposal - Premium Singing Bowls Supplier,2026-09-09 23:58:13,Skipped,Already contacted previously
name@company.com,Contact,Export Partnership Proposal - Premium Singing Bowls Supplier,2026-09-09 23:58:13,Skipped,Already contacted previously
ashwani.singingbowlexporter@gmail.com,Handmade Singing Bowl Manufacturer And Exporter,Export Partnership Proposal - Premium Singing Bowls Supplier,2026-09-09 23:58:13,Skipped,Already contacted previously
info@studenthandicrafts.com,Singing Bowl Wholesale From Nepal,Export Partnership Proposal - Premium Singing Bowls Supplier,2026-09-09 23:58:13,Skipped,Already contacted previously
export@ecofy.io,Clear Pet Bowl & Rectangular Lids Manufacturer,Export Partnership Proposal - Premium Singing Bowls Supplier,2026-09-09 23:58:13,Skipped,Already contacted previously
connect@trademo.com,Singing Bowl Buyers & Importers In United States,Export Partnership Proposal - Premium Singing Bowls Supplier,2026-09-09 23:58:13,Skipped,Already contacted previously
sales@dataintelo.com,Singing Bowls Sales Market Research Report 2034,Export Partnership Proposal - Premium Singing Bowls Supplier,2026-09-09 23:58:13,Skipped,Already contacted previously
enquiries@verifiedmarketresearch.com,Singing Bowls Market Size And Forecast,Export Partnership Proposal - Premium Singing Bowls Supplier,2026-09-09 23:58:13,Skipped,Already contacted previously
orders@evertonesingingbowls.com,Customer Support – Evertone Singing Bowls,Export Partnership Proposal - Premium Singing Bowls Supplier,2026-09-09 23:58:13,Skipped,Already contacted previously
gacxpress.nepal1@gmail.com,We Don'T Manufacture Singing Bowls Just To Make Them Look Beautiful ...,Export Partnership Proposal - Premium Singing Bowls Supplier,2026-09-09 23:58:13,Skipped,Already contacted previously
support@exportbusinessmart.com,Export Business Mart,Export Partnership Proposal - Premium Singing Bowls Supplier,2026-09-09 23:58:13,Skipped,Already contacted previously
mails@epch.com,Hall No. 16 Exhibitors List,Export Partnership Proposal - Premium Singing Bowls Supplier,2026-09-09 23:58:13,Skipped,Already contacted previously
customer@rainbowsounds.co,Soul Star Chakra Crystal Singing Bowls,Export Partnership Proposal - Premium Singing Bowls Supplier,2026-09-09 23:58:13,Skipped,Already contacted previously
sales@sownseedo.com,Frosted Quartz Crystal Singing Bowl Buyers & Importers,Export Partnership Proposal - Premium Singing Bowls Supplier,2026-09-09 23:58:13,Skipped,Already contacted previously
info@wiseguyreports.com,"Singing Bowls Market Size, Trends & Forecast 2035",Export Partnership Proposal - Premium Singing Bowls Supplier,2026-09-09 23:58:13,Skipped,Already contacted previously
handmadesingingbowl01@gmail.com,Tibetan Handmade Singing Bowls Wholesale,Export Partnership Proposal - Premium Singing Bowls Supplier,2026-09-09 23:58:13,Skipped,Already contacted previously
info@usingredients.com,Us Ingredients Llc - Www.Usingredients.Com,Export Partnership Proposal - Premium Singing Bowls Supplier,2026-09-09 23:58:13,Skipped,Already contacted previously
closeouts@merchandiseusa.com,Merchandise Usa Closeout Buyers - Overstock And Liquidation Buyers,Export Partnership Proposal - Premium Singing Bowls Supplier,2026-09-09 23:58:13,Skipped,Already contacted previously
supplierinquiries@sanmar.com,Contact Us,Export Partnership Proposal - Premium Singing Bowls Supplier,2026-09-09 23:58:13,Skipped,Already contacted previously
partnership@trademo.com,Singing Bowl Buyers & Importers In United States,Export Partnership Proposal - Premium Singing Bowls Supplier,2026-09-09 23:58:13,Skipped,Already contacted previously
press@google.com,Gmail,Export Partnership Proposal - Premium Singing Bowls Supplier,2026-09-09 23:58:13,Skipped,Already contacted previously
welcome@dohbamezcal.com,Ernesto E. Aguirre - Importer & Distributor Of Ultra-Premium ...,Export Partnership Proposal - Premium Singing Bowls Supplier,2026-09-09 23:58:13,Skipped,Already contacted previously
gbsourcingbd@gmail.com,Global Buyer Sourcing - Global Buyer Sourcing,Export Partnership Proposal - Premium Singing Bowls Supplier,2026-09-09 23:58:13,Skipped,Already contacted previously
info@castlecf.com,Importer And Distributor,Export Partnership Proposal - Premium Singing Bowls Supplier,2026-09-09 23:58:13,Skipped,Already contacted previously
forsale@themightybowl.com,Big News! Mighty Bowl Company Is Officially For Sale! Who Out ...,Export Partnership Proposal - Premium Singing Bowls Supplier,2026-09-09 23:58:13,Skipped,Already contacted previously
support@petalcard.com,Contact,Export Partnership Proposal - Premium Singing Bowls Supplier,2026-09-09 23:58:13,Skipped,Already contacted previously
franjeri1001@gmail.com,"Fertilizer Buyer, Seller, Importer, Trader – Urea, Can, Dap, Npk, Map, Mop | 🌍 Global Fertilizer Market Analysis – November 17, 2025",Export Partnership Proposal - Premium Singing Bowls Supplier,2026-09-09 23:58:13,Skipped,Already contacted previously
csr@mlilyusa.com,Attachment Ii List Of Importers,Export Partnership Proposal - Premium Singing Bowls Supplier,2026-09-09 23:58:13,Skipped,Already contacted previously
lilywanging@gmail.com,"Fertilizer Buyer, Seller, Importer, Trader – Urea, Can, Dap, Npk, Map, Mop | Calcium Ammonium Nitrate, Large Quantities In Stock And Ready To Ship At Any Time",Export Partnership Proposal - Premium Singing Bowls Supplier,2026-09-09 23:58:13,Skipped,Already contacted previously
info@vietgro.com,"Fertilizer Buyer, Seller, Importer, Trader – Urea, Can, Dap, Npk, Map, Mop | 🌍 [Fertilizer Market Update – August 2025]",Export Partnership Proposal - Premium Singing Bowls Supplier,2026-09-09 23:58:13,Skipped,Already contacted previously
info@arc-vlogistic.com,"King Crude Oil And Gas Buyer And Seller | Dear Sir/Madam,",Export Partnership Proposal - Premium Singing Bowls Supplier,2026-09-09 23:58:13,Skipped,Already contacted previously
support_capitalconnect@jpmorgan.com,J.P. Morgan Log In,Export Partnership Proposal - Premium Singing Bowls Supplier,2026-09-09 23:58:13,Skipped,Already contacted previously
raz@razimports.com,Raz Imports Inc.,Export Partnership Proposal - Premium Singing Bowls Supplier,2026-09-09 23:58:13,Skipped,Already contacted previously
contactus@exporthub.com,Singing Bowl Wholesale Supplier,Export Partnership Proposal - Premium Singing Bowls Supplier,2026-09-09 23:58:13,Skipped,Already contacted previously
sales@findthedistributor.com,Find The Distributor,Export Partnership Proposal - Premium Singing Bowls Supplier,2026-09-09 23:58:13,Skipped,Already contacted previously
prudence@wholesalerecruitingsolutions.com,"Wholesale Recruiting Solutions, Llc - The Electrical Distribution And Manufacturer Rep Recruiting Experts",Export Partnership Proposal - Premium Singing Bowls Supplier,2026-09-09 23:58:13,Skipped,Already contacted previously
contactus@tradekey.com,"Usa Singing Bowls Importers, Buyers And Distributors",Export Partnership Proposal - Premium Singing Bowls Supplier,2026-09-09 23:58:13,Skipped,Already contacted previously
gopaliimports@gmail.com,Gopali Authentic Tibetan Singing Bowls & Sound Healing In St ...,Export Partnership Proposal - Premium Singing Bowls Supplier,2026-09-09 23:58:13,Skipped,Already contacted previously
info@go4futuro.com,Frosted Quartz Crystal Singing Bowl Buyers & Importers,Export Partnership Proposal - Premium Singing Bowls Supplier,2026-09-09 23:58:13,Skipped,Already contacted previously
info@vntc.net.vn,Spices Market For Importer And Exporter | A-B Whole Cassia For Export - Competitive Prices & High Quality,Export Partnership Proposal - Premium Singing Bowls Supplier,2026-09-09 23:58:13,Skipped,Already contacted previously
catrina@sacredsoundofthesoul.com,Sacred Sound Of The Soul,Export Partnership Proposal - Premium Singing Bowls Supplier,2026-09-09 23:58:13,Skipped,Already contacted previously
info@dsn.group,Katerina Myroshnyk,Export Partnership Proposal - Premium Singing Bowls Supplier,2026-09-09 23:58:13,Skipped,Already contacted previously
mohammed@maghco.sa,Frosted Quartz Crystal Singing Bowl Buyers & Importers,Export Partnership Proposal - Premium Singing Bowls Supplier,2026-09-09 23:58:13,Skipped,Already contacted previously
info@belmontoilgas.com,Frosted Quartz Crystal Singing Bowl Buyers & Importers,Export Partnership Proposal - Premium Singing Bowls Supplier,2026-09-09 23:58:13,Skipped,Already contacted previously
tradeoneusa@gmail.com,Decorative Candle Holders For Home Décor,Export Partnership Proposal - Premium Singing Bowls Supplier,2026-09-09 23:58:13,Skipped,Already contacted previously
support@tradewheel.com,United States Candle Holders Buyers And Importers List!,Export Partnership Proposal - Premium Singing Bowls Supplier,2026-09-09 23:58:13,Skipped,Already contacted previously
ryan@yubaiglass.com,Wholesale Glass Candle Holders Manufacturer,Export Partnership Proposal - Premium Singing Bowls Supplier,2026-09-09 23:58:14,Skipped,Already contacted previously
foryou@foryoudecor.com,Crystal Candle Holder Wholesale Supplier,Export Partnership Proposal - Premium Singing Bowls Supplier,2026-09-09 23:58:14,Skipped,Already contacted previously
info@ace-chn.om,China Crystal Candle Holder Buyers & Importers,Export Partnership Proposal - Premium Singing Bowls Supplier,2026-09-09 23:58:14,Skipped,Already contacted previously
info@alishbaimpex.com,Alishba Impex,Export Partnership Proposal - Premium Singing Bowls Supplier,2026-09-09 23:58:14,Skipped,Already contacted previously
evecraftoverseas.info@gmail.com,We'Re Manufacture And Wholesaler Of Home Decor Products ...,Export Partnership Proposal - Premium Singing Bowls Supplier,2026-09-09 23:58:14,Skipped,Already contacted previously
daniel@cregapak.com,Daniel /Cosmetic Packaging/ Home Decoration,Export Partnership Proposal - Premium Singing Bowls Supplier,2026-09-09 23:58:14,Skipped,Already contacted previously
sardarhussainimpex@gmail.com,Zaryat Siddiqui - Indian Manufacture | Home Decor | Bulk ...,Export Partnership Proposal - Premium Singing Bowls Supplier,2026-09-09 23:58:14,Skipped,Already contacted previously
a.h.handicraftsinc@gmail.com,A.H. Handicrafts Inc.,Export Partnership Proposal - Premium Singing Bowls Supplier,2026-09-09 23:58:14,Skipped,Already contacted previously
lovefreecandles@verizon.net,Alayna Stiffler - Sr. Team Leader/Fragrance Consultant & Direct ...,Export Partnership Proposal - Premium Singing Bowls Supplier,2026-09-09 23:58:14,Skipped,Already contacted previously
info@asianexportex.com,Asian Exportex,Export Partnership Proposal - Premium Singing Bowls Supplier,2026-09-09 23:58:14,Skipped,Already contacted previously
elsevent2012@gmail.com,Candles Holder For Rental. For Inquiry 0818293582 ...,Export Partnership Proposal - Premium Singing Bowls Supplier,2026-09-09 23:58:14,Skipped,Already contacted previously
laromausa@gmail.com,L'Aroma Usa - Manufacturer And Distributor Of Scented Candles,Export Partnership Proposal - Premium Singing Bowls Supplier,2026-09-09 23:58:14,Skipped,Already contacted previously
info@tradewheel.com,United States Candle Holders Buyers And Importers List!,Export Partnership Proposal - Premium Singing Bowls Supplier,2026-09-09 23:58:14,Skipped,Already contacted previously
sales.bhavatuorganic@gmail.com,Frosted Quartz Crystal Singing Bowl Buyers & Importers,Export Partnership Proposal - Premium Singing Bowls Supplier,2026-09-09 23:58:14,Skipped,Already contacted previously
ashok560@yahoo.com,Frosted Quartz Crystal Singing Bowl Buyers & Importers,Export Partnership Proposal - Premium Singing Bowls Supplier,2026-09-09 23:58:14,Skipped,Already contacted previously
sales@danaexport.com.eg,Frosted Quartz Crystal Singing Bowl Buyers & Importers,Export Partnership Proposal - Premium Singing Bowls Supplier,2026-09-09 23:58:14,Skipped,Already contacted previously
ekingham@417mag.com,We Review The Himalayan Grill & Bar,Export Partnership Proposal - Premium Singing Bowls Supplier,2026-09-10 00:09:13,Sent,Inline poster embedded + PPT attached: singing_bowl_product.pdf
vipexperiences@wcs.org,Himalayan Highlands,Export Partnership Proposal - Premium Singing Bowls Supplier,2026-09-10 00:10:05,Sent,Inline poster embedded + PPT attached: singing_bowl_product.pdf
support@silkrute.com,Buy Singing Bowl Online In Globally,Export Partnership Proposal - Premium Singing Bowls Supplier,2026-09-10 00:11:04,Sent,Inline poster embedded + PPT attached: singing_bowl_product.pdf
info@shakti.life,Etched Handmade Singing Bowls,Export Partnership Proposal - Premium Singing Bowls Supplier,2026-09-10 00:11:42,Sent,Inline poster embedded + PPT attached: singing_bowl_product.pdf
2960adcdd7704551bff19823820fca44@sentry.wixpress.com,Contact,Export Partnership Proposal - Premium Singing Bowls Supplier,2026-09-10 00:12:20,Sent,Inline poster embedded + PPT attached: singing_bowl_product.pdf
frfs.media@chi.frb.org,Wholesale Testing Services,Export Partnership Proposal - Premium Singing Bowls Supplier,2026-09-10 00:12:25,Skipped,Already contacted previously
info@jimthompsonusa.com,Tibetan Sun,Export Partnership Proposal - Premium Singing Bowls Supplier,2026-09-10 00:12:25,Skipped,Already contacted previously
donate@wcs.org,Himalayan Highlands,Export Partnership Proposal - Premium Singing Bowls Supplier,2026-09-10 00:12:25,Skipped,Already contacted previously
events@companybar.co,Company,Export Partnership Proposal - Premium Singing Bowls Supplier,2026-09-10 00:12:25,Skipped,Already contacted previously
care@sarveda.com,Etched Handmade Singing Bowls,Export Partnership Proposal - Premium Singing Bowls Supplier,2026-09-10 00:12:25,Skipped,Already contacted previously
f36cc48fb72b4d298c835f2793cf3b84@sentry-next.wixpress.com,Contact,Export Partnership Proposal - Premium Singing Bowls Supplier,2026-09-10 00:12:25,Skipped,Already contacted previously
271e9fa3230b4eec94b02bf95780f5f2@sentry.wixpress.com,Himalayan Singing Bowls,Export Partnership Proposal - Premium Singing Bowls Supplier,2026-09-10 00:12:25,Skipped,Already contacted previously
info@wholesalechess.com,"Chess Sets, Boards, Pieces, & Supplies",Export Partnership Proposal - Premium Singing Bowls Supplier,2026-09-10 00:12:25,Skipped,Already contacted previously
info@buyerpersona.com,Home,Export Partnership Proposal - Premium Singing Bowls Supplier,2026-09-10 00:12:25,Skipped,Already contacted previously
youremail@mail.com,Tibetan Sun,Export Partnership Proposal - Premium Singing Bowls Supplier,2026-09-10 00:12:25,Skipped,Already contacted previously
onlinetickets@wcs.org,Himalayan Highlands,Export Partnership Proposal - Premium Singing Bowls Supplier,2026-09-10 00:12:25,Skipped,Already contacted previously
2062d0a4929b45348643784b5cb39c36@sentry.wixpress.com,Himalayan Singing Bowls,Export Partnership Proposal - Premium Singing Bowls Supplier,2026-09-10 00:12:25,Skipped,Already contacted previously
siteinfo@frbservices.org,Wholesale Testing Services,Export Partnership Proposal - Premium Singing Bowls Supplier,2026-09-10 00:12:25,Skipped,Already contacted previously
frank.cancelloni@jimthompson.com,Tibetan Sun,Export Partnership Proposal - Premium Singing Bowls Supplier,2026-09-10 00:12:25,Skipped,Already contacted previously
help@newyorker.com,Warm Chickpea Bowls With Lemony Yogurt Recipe,Export Partnership Proposal - Premium Singing Bowls Supplier,2026-09-10 00:12:25,Skipped,Already contacted previously
membership@wcs.org,Himalayan Highlands,Export Partnership Proposal - Premium Singing Bowls Supplier,2026-09-10 00:12:25,Skipped,Already contacted previously
global.mindfulness.center@gmail.com,Meditation,Export Partnership Proposal - Premium Singing Bowls Supplier,2026-09-10 00:12:25,Skipped,Already contacted previously
460ff4620fa44cba8df530afde949785@sentry.wixpress.com,Himalayan Singing Bowls,Export Partnership Proposal - Premium Singing Bowls Supplier,2026-09-10 00:12:25,Skipped,Already contacted previously
nancy@salwen.net,Learn To Sing With Confidence And Joy,Export Partnership Proposal - Premium Singing Bowls Supplier,2026-09-10 00:12:25,Skipped,Already contacted previously
you@email.com,The Singing Bowl Manufacturer & Exporter Since 1959,Export Partnership Proposal - Premium Singing Bowls Supplier,2026-09-10 00:12:25,Skipped,Already contacted previously
info@companybar.co,Company,Export Partnership Proposal - Premium Singing Bowls Supplier,2026-09-10 00:12:25,Skipped,Already contacted previously
325506e3332d487999567a7bc91d151d@bug-reporting-xalgha6.m-w.com,Company Definition & Meaning,Export Partnership Proposal - Premium Singing Bowls Supplier,2026-09-10 00:12:25,Skipped,Already contacted previously
dd@gmail.com,Singing Bowls,Export Partnership Proposal - Premium Singing Bowls Supplier,2026-09-10 00:12:25,Skipped,Already contacted previously
5d1795a2db124a268f1e1bd88f503500@sentry.wixpress.com,Himalayan Singing Bowls,Export Partnership Proposal - Premium Singing Bowls Supplier,2026-09-10 00:12:25,Skipped,Already contacted previously
orders.soundworks@gmail.com,Chunky Wands For Himalayan Singing Bowls – Soundworkssoundtherapy,Export Partnership Proposal - Premium Singing Bowls Supplier,2026-09-10 00:12:25,Skipped,Already contacted previously
info@originalbuddhas.com,Himalayan Singing Bowls,Export Partnership Proposal - Premium Singing Bowls Supplier,2026-09-10 00:12:25,Skipped,Already contacted previously
dd0a55ccb8124b9c9d938e3acf41f8aa@sentry.wixpress.com,Himalayan Singing Bowls,Export Partnership Proposal - Premium Singing Bowls Supplier,2026-09-10 00:12:25,Skipped,Already contacted previously
support@soundworkssoundtherapy.com,Chunky Wands For Himalayan Singing Bowls – Soundworkssoundtherapy,Export Partnership Proposal - Premium Singing Bowls Supplier,2026-09-10 00:12:25,Skipped,Already contacted previously
info@himalayansoundsingingbowl.com,Contact,Export Partnership Proposal - Premium Singing Bowls Supplier,2026-09-10 00:12:25,Skipped,Already contacted previously
susan@terremusic.com,Singing Bowl,Export Partnership Proposal - Premium Singing Bowls Supplier,2026-09-10 00:12:25,Skipped,Already contacted previously
bachhaladevitraders76@gmail.com,"Contact Us, Singing Bowl Sounds",Export Partnership Proposal - Premium Singing Bowls Supplier,2026-09-10 00:12:25,Skipped,Already contacted previously
support@silentmindbowls.com,Site Notice – Silent Mind,Export Partnership Proposal - Premium Singing Bowls Supplier,2026-09-10 00:12:25,Skipped,Already contacted previously
941071-855-225-7372info@thegongshop.com,Singing Bowls – The Gong Shop,Export Partnership Proposal - Premium Singing Bowls Supplier,2026-09-10 00:12:25,Skipped,Already contacted previously
sales@theeveresttrader.com,Tibetan Singing Bowls – The Everest Trader,Export Partnership Proposal - Premium Singing Bowls Supplier,2026-09-10 00:12:25,Skipped,Already contacted previously
hello@shantibowl.com,Contact Us,Export Partnership Proposal - Premium Singing Bowls Supplier,2026-09-10 00:12:26,Skipped,Already contacted previously
shop@wu-dang-pai.de,Singing Bowl,Export Partnership Proposal - Premium Singing Bowls Supplier,2026-09-10 00:12:26,Skipped,Already contacted previously
info@dharmashop.com,Wholesale Singing Bowls,Export Partnership Proposal - Premium Singing Bowls Supplier,2026-09-10 00:12:26,Skipped,Already contacted previously
sara@soundello.com,"Crystal Singing Bowl, Manufacturer – Soundello",Export Partnership Proposal - Premium Singing Bowls Supplier,2026-09-10 00:12:26,Skipped,Already contacted previously
knightpeople@msn.com,Temple Sounds Tibetan Singing Bowls,Export Partnership Proposal - Premium Singing Bowls Supplier,2026-09-10 00:12:26,Skipped,Already contacted previously
ryanlstanley@hotmail.com,Crystal Tones® Alchemy Crystal Singing Bowls – Sacred Sound Of The Soul,Export Partnership Proposal - Premium Singing Bowls Supplier,2026-09-10 00:12:26,Skipped,Already contacted previously
oceanic@oceaniclink.com,Singing Bowls,Export Partnership Proposal - Premium Singing Bowls Supplier,2026-09-10 00:12:26,Skipped,Already contacted previously
brs@yao.com,Singing Bowls Importers,Export Partnership Proposal - Premium Singing Bowls Supplier,2026-09-10 00:12:26,Skipped,Already contacted previously
narek@musicofwisdom.com,The Complete Guide To Buying A Singing Bowl,Export Partnership Proposal - Premium Singing Bowls Supplier,2026-09-10 00:12:26,Skipped,Already contacted previously
support@katmandutrading.com,Wholesale Singing Bowl,Export Partnership Proposal - Premium Singing Bowls Supplier,2026-09-10 00:12:26,Skipped,Already contacted previously
myname@email.com,Himalayan Blackberry Pie,Export Partnership Proposal - Premium Singing Bowls Supplier,2026-09-10 00:12:26,Skipped,Already contacted previously
intake@cycleworld.com,"A 3,500",Export Partnership Proposal - Premium Singing Bowls Supplier,2026-09-10 00:12:26,Skipped,Already contacted previously
contactwhatsinthepan@gmail.com,Himalayan Salt Vs Sea Salt,Export Partnership Proposal - Premium Singing Bowls Supplier,2026-09-10 00:12:26,Skipped,Already contacted previously
legislative.affairs@eda.gov,Contact Us,Export Partnership Proposal - Premium Singing Bowls Supplier,2026-09-10 00:12:26,Skipped,Already contacted previously
admissions@reformationbiblecollege.org,The Value Of Hymn Singing,Export Partnership Proposal - Premium Singing Bowls Supplier,2026-09-10 00:12:26,Skipped,Already contacted previously
guy@bellsofbliss.com,About Our Singing Bowls,Export Partnership Proposal - Premium Singing Bowls Supplier,2026-09-10 00:12:26,Skipped,Already contacted previously
jayapal.casework@mail.house.gov,Email,Export Partnership Proposal - Premium Singing Bowls Supplier,2026-09-10 00:12:26,Skipped,Already contacted previously
contact@tarabrach.com,Meditation,Export Partnership Proposal - Premium Singing Bowls Supplier,2026-09-10 00:12:26,Skipped,Already contacted previously
help@mapquest.com,"Himalayan Singing Bowl And Trading, Street 17, Pokhara, Np",Export Partnership Proposal - Premium Singing Bowls Supplier,2026-09-10 00:12:26,Skipped,Already contacted previously
seaofart@gmail.com,Contact,Export Partnership Proposal - Premium Singing Bowls Supplier,2026-09-10 00:12:26,Skipped,Already contacted previously
accuracy@usatoday.com,Usa Today,Export Partnership Proposal - Premium Singing Bowls Supplier,2026-09-10 00:12:26,Skipped,Already contacted previously
info@thegongshop.com,Singing Bowls,Export Partnership Proposal - Premium Singing Bowls Supplier,2026-09-10 00:12:26,Skipped,Already contacted previously
wholesale@stansdonuts.com,Wholesale,Export Partnership Proposal - Premium Singing Bowls Supplier,2026-09-10 00:12:26,Skipped,Already contacted previously
syswtscustomertesting@frb.org,Wholesale Testing Services,Export Partnership Proposal - Premium Singing Bowls Supplier,2026-09-10 00:12:26,Skipped,Already contacted previously
enquiries@jimthompson.com,Tibetan Sun,Export Partnership Proposal - Premium Singing Bowls Supplier,2026-09-10 00:12:26,Skipped,Already contacted previously
diane.landry@wcax.com,"Vermont’S Tibetan, Nepalese Communities Grieve After Flooding",Export Partnership Proposal - Premium Singing Bowls Supplier,2026-09-10 00:12:26,Skipped,Already contacted previously
info@perennialsfabrics.com,Brush Work Tibetan Knot,Export Partnership Proposal - Premium Singing Bowls Supplier,2026-09-10 00:12:26,Skipped,Already contacted previously
eva@thecuriouschickpea.com,Tibetan Vegetable Momos With Spicy Sesame Tomato Chutney • The Curious Chickpea,Export Partnership Proposal - Premium Singing Bowls Supplier,2026-09-10 00:12:26,Skipped,Already contacted previously
info@artoftibet.com,Singing Bowl,Export Partnership Proposal - Premium Singing Bowls Supplier,2026-09-10 00:12:26,Skipped,Already contacted previously
hello@mindfulstore.com.au,Singing Sound Bowl Wholesale Supplier,Export Partnership Proposal - Premium Singing Bowls Supplier,2026-09-10 00:12:26,Skipped,Already contacted previously
tips@rideapart.com,Buying Something Other Than A Royal Enfield Himalayan ...,Export Partnership Proposal - Premium Singing Bowls Supplier,2026-09-10 00:12:26,Skipped,Already contacted previously
nepalartshop@outlook.com,Tibetan Therapy Singing Bowls – Human Body Healing Throungh Sound Bowls,Export Partnership Proposal - Premium Singing Bowls Supplier,2026-09-10 00:12:26,Skipped,Already contacted previously
info@accessoryarcade.com,Wholesale Yoga Accessories & Equipment Supply To Usa,Export Partnership Proposal - Premium Singing Bowls Supplier,2026-09-10 00:12:26,Skipped,Already contacted previously
besthimalayaglobal@gmail.co,Wholesale Singing Bowl Shipping & Lead Times,Export Partnership Proposal - Premium Singing Bowls Supplier,2026-09-10 00:12:26,Skipped,Already contacted previously
support@studenthandicrafts.co,Singing Bowl Wholesale From Nepal,Export Partnership Proposal - Premium Singing Bowls Supplier,2026-09-10 00:12:26,Skipped,Already contacted previously
info@bodhisattva.co,Bodhisattva Trading Company,Export Partnership Proposal - Premium Singing Bowls Supplier,2026-09-10 00:12:26,Skipped,Already contacted previously
info@bowlsound.co,Contact Us – Singing Bowl Sound And Craft,Export Partnership Proposal - Premium Singing Bowls Supplier,2026-09-10 00:12:26,Skipped,Already contacted previously
bowlsofsound44@gmail.co,Contact – Bowls Of Sound,Export Partnership Proposal - Premium Singing Bowls Supplier,2026-09-10 00:12:26,Skipped,Already contacted previously
%20sales@mefree.co,Wholesale Yoga Props,Export Partnership Proposal - Premium Singing Bowls Supplier,2026-09-10 00:12:26,Skipped,Already contacted previously
support@smokeaxis.co,Vd Importers — Wholesale Distributor In Florida,Export Partnership Proposal - Premium Singing Bowls Supplier,2026-09-10 00:12:26,Skipped,Already contacted previously
info@beveragetradenetwork.co,Directory Of Spirits Importers Worldwide,Export Partnership Proposal - Premium Singing Bowls Supplier,2026-09-10 00:12:26,Skipped,Already contacted previously
info@bestwineimporters.co,"Spirits Importers, Distributors Platform",Export Partnership Proposal - Premium Singing Bowls Supplier,2026-09-10 00:12:26,Skipped,Already contacted previously
aakash@usaspiritsratings.co,"Kontapel, Ukrainian Brand Now Calling Usa Spirits Importers ...",Export Partnership Proposal - Premium Singing Bowls Supplier,2026-09-10 00:12:26,Skipped,Already contacted previously
ergt@internationalbeveragenetwork.co,"Wine And Spirits Distributors Importers In Usa, China, Uk, Japan ...",Export Partnership Proposal - Premium Singing Bowls Supplier,2026-09-10 00:12:26,Skipped,Already contacted previously
ec8@yao.co,Singing Bowls Importers,Export Partnership Proposal - Premium Singing Bowls Supplier,2026-09-10 00:12:26,Skipped,Already contacted previously
info@soundtopia.co,Contact,Export Partnership Proposal - Premium Singing Bowls Supplier,2026-09-10 00:12:26,Skipped,Already contacted previously
business@besthimalaya.co,Wholesale Singing Bowl Shipping & Lead Times,Export Partnership Proposal - Premium Singing Bowls Supplier,2026-09-10 00:12:26,Skipped,Already contacted previously
contactus@tradekey.co,"Usa Singing Bowls Importers, Buyers And Distributors",Export Partnership Proposal - Premium Singing Bowls Supplier,2026-09-10 00:12:26,Skipped,Already contacted previously
export@singingbowlsspecialist.co,"Premium Singing Bowls Exporter To Usa, Best Tibetan Handcrafted ...",Export Partnership Proposal - Premium Singing Bowls Supplier,2026-09-10 00:12:26,Skipped,Already contacted previously
gopaliimports@gmail.co,Gopali Authentic Tibetan Singing Bowls & Sound Healing In St ...,Export Partnership Proposal - Premium Singing Bowls Supplier,2026-09-10 00:12:26,Skipped,Already contacted previously
info@indiancraftcentre.co,About Us,Export Partnership Proposal - Premium Singing Bowls Supplier,2026-09-10 00:12:26,Skipped,Already contacted previously
info@ranasingingbowlcentre.co,Singing Bowl Exporters,Export Partnership Proposal - Premium Singing Bowls Supplier,2026-09-10 00:12:26,Skipped,Already contacted previously
contact@domain.co,"Singing Bowl Manufacturer, Himalayan Tibetan Hand Made Singing ...",Export Partnership Proposal - Premium Singing Bowls Supplier,2026-09-10 00:12:26,Skipped,Already contacted previously
info@accessoryarcade.co,Wholesale Yoga Accessories & Equipment Supply To Usa,Export Partnership Proposal - Premium Singing Bowls Supplier,2026-09-10 00:12:26,Skipped,Already contacted previously
info@rawsomeshack.com,Trader,Export Partnership Proposal - Premium Singing Bowls Supplier,2026-09-10 00:12:26,Skipped,Already contacted previously
contact@fitness-wholesale.co,Meditation,Export Partnership Proposal - Premium Singing Bowls Supplier,2026-09-10 00:12:26,Skipped,Already contacted previously
info@naviexports.co,Yoga & Wellness Products Exporters & Suppliers,Export Partnership Proposal - Premium Singing Bowls Supplier,2026-09-10 00:12:26,Skipped,Already contacted previously
admin1405@suryaincense.co,The Surya Exports,Export Partnership Proposal - Premium Singing Bowls Supplier,2026-09-10 00:12:26,Skipped,Already contacted previously
info@meghaaromatics.co,Viajyshree Golden Nag Meditation Incense Sticks Online,Export Partnership Proposal - Premium Singing Bowls Supplier,2026-09-10 00:12:26,Skipped,Already contacted previously
helpme@yogahustle.co,"Wholesale Yoga Mats, Yoga Props, Yoga Equipment With Yoga Hustle",Export Partnership Proposal - Premium Singing Bowls Supplier,2026-09-10 00:12:26,Skipped,Already contacted previously
sales@mefree.co,Wholesale Yoga Props,Export Partnership Proposal - Premium Singing Bowls Supplier,2026-09-10 00:12:26,Skipped,Already contacted previously
email@example.co,The Sound Journey Store,Export Partnership Proposal - Premium Singing Bowls Supplier,2026-09-10 00:12:26,Skipped,Already contacted previously
orderdesk@natures-artifacts.co,Home Page,Export Partnership Proposal - Premium Singing Bowls Supplier,2026-09-10 00:12:26,Skipped,Already contacted previously
example@yourdomain.co,Zed Black,Export Partnership Proposal - Premium Singing Bowls Supplier,2026-09-10 00:12:26,Skipped,Already contacted previously
scalaneinternational@gmail.co,Incense Stick Exporter From India,Export Partnership Proposal - Premium Singing Bowls Supplier,2026-09-10 00:12:26,Skipped,Already contacted previously
sales@yanrefitness.co,Wholesale Cork Yoga Mat,Export Partnership Proposal - Premium Singing Bowls Supplier,2026-09-10 00:12:26,Skipped,Already contacted previously
xxx@xxx.xxx,"Boxing, Mma, Yoga, Fitness, Combat Sports Equipment & Gear ...",Export Partnership Proposal - Premium Singing Bowls Supplier,2026-09-10 00:12:26,Skipped,Already contacted previously
info@soundtopia.com,Antique Himalayan Singing Bowl Sets,Export Partnership Proposal - Premium Singing Bowls Supplier,2026-09-10 00:12:26,Skipped,Already contacted previously
jubao@lingying.com,1000 European Garment Buyers List,Export Partnership Proposal - Premium Singing Bowls Supplier,2026-09-10 00:12:26,Skipped,Already contacted previously
info@seair.co.in,"Sungwon Distributor Llc Importer/Buyer Data In Usa, Sungwon Distributor Llc Imports Data",Export Partnership Proposal - Premium Singing Bowls Supplier,2026-09-10 00:12:26,Skipped,Already contacted previously
export@singingbowlsspecialist.com,"Premium Singing Bowls Exporter To Usa, Best Tibetan Handcrafted ...",Export Partnership Proposal - Premium Singing Bowls Supplier,2026-09-10 00:12:26,Skipped,Already contacted previously
info@nepalartshop.com,Handmade Singing Bowls,Export Partnership Proposal - Premium Singing Bowls Supplier,2026-09-10 00:12:26,Skipped,Already contacted previously
nepalartshop@gmail.com,Handmade Singing Bowls,Export Partnership Proposal - Premium Singing Bowls Supplier,2026-09-10 00:12:26,Skipped,Already contacted previously
contact@granducati.com,Contact Granducati Usa Importer & Distributor,Export Partnership Proposal - Premium Singing Bowls Supplier,2026-09-10 00:12:26,Skipped,Already contacted previously
info@indiancraftcentre.com,About Us,Export Partnership Proposal - Premium Singing Bowls Supplier,2026-09-10 00:12:26,Skipped,Already contacted previously
info@bowlsound.com,Contact Us – Singing Bowl Sound And Craft,Export Partnership Proposal - Premium Singing Bowls Supplier,2026-09-10 00:12:26,Skipped,Already contacted previously
support@himalayanbowls.com,Contact Us,Export Partnership Proposal - Premium Singing Bowls Supplier,2026-09-10 00:12:26,Skipped,Already contacted previously
info@ranasingingbowlcentre.com,Singing Bowl Exporters,Export Partnership Proposal - Premium Singing Bowls Supplier,2026-09-10 00:12:26,Skipped,Already contacted previously
bo@synergybb.com,Importer & Distributor Business Sold,Export Partnership Proposal - Premium Singing Bowls Supplier,2026-09-10 00:12:26,Skipped,Already contacted previously
jmonemorecast@aol.com,Usa Distributor – Akios Fishing Tackle,Export Partnership Proposal - Premium Singing Bowls Supplier,2026-09-10 00:12:26,Skipped,Already contacted previously
solidrock4uall@live.com,Tequila Importer & Distributor Of Ultra Premium Tequila Products In The Usa,Export Partnership Proposal - Premium Singing Bowls Supplier,2026-09-10 00:12:26,Skipped,Already contacted previously
hello@soundtherapyshop.com,Contact Us,Export Partnership Proposal - Premium Singing Bowls Supplier,2026-09-10 00:12:26,Skipped,Already contacted previously
sales@nationaldropshippers.com,"Top 30 Leather Whole Seller In Usa (United States) ~ Top Buyer Seller List Of Usa, Uk, Canada, South Africa, Germany, India For Fashion, Leather",Export Partnership Proposal - Premium Singing Bowls Supplier,2026-09-10 00:12:26,Skipped,Already contacted previously
nishant.singingbowls@gmail.com,Handmade Singing Bowl Manufacturer And Exporter,Export Partnership Proposal - Premium Singing Bowls Supplier,2026-09-10 00:12:27,Skipped,Already contacted previously
service@stoneadd.com,"Croatia Stone Buyer, Croatian Stone Importer, Stone Wholesaler",Export Partnership Proposal - Premium Singing Bowls Supplier,2026-09-10 00:12:27,Skipped,Already contacted previously
info@saudgloves.com,"Importer, Distributor Or Agent.",Export Partnership Proposal - Premium Singing Bowls Supplier,2026-09-10 00:12:27,Skipped,Already contacted previously
customer-service@connexy.com,Jack Importer Email & Phone Number,Export Partnership Proposal - Premium Singing Bowls Supplier,2026-09-10 00:12:27,Skipped,Already contacted previously
pqsbpi@gmail.com,List Of Licensed Importers – Npqsd,Export Partnership Proposal - Premium Singing Bowls Supplier,2026-09-10 00:12:27,Skipped,Already contacted previously
info@bodhisattva.com,Bodhisattva Trading Company,Export Partnership Proposal - Premium Singing Bowls Supplier,2026-09-10 00:12:27,Skipped,Already contacted previously
ec8@yao.com,Singing Bowls Importers,Export Partnership Proposal - Premium Singing Bowls Supplier,2026-09-10 00:12:27,Skipped,Already contacted previously
business@besthimalaya.com,Handcrafted Singing Bowls In Usa,Export Partnership Proposal - Premium Singing Bowls Supplier,2026-09-10 00:12:27,Skipped,Already contacted previously
info@sacredsoundofthesoul.com,Crystal Tones® Alchemy Crystal Singing Bowls,Export Partnership Proposal - Premium Singing Bowls Supplier,2026-09-10 00:12:27,Skipped,Already contacted previously
bowlsofsound44@gmail.com,Contact – Bowls Of Sound,Export Partnership Proposal - Premium Singing Bowls Supplier,2026-09-10 00:12:27,Skipped,Already contacted previously
info@singingbowlshop.com,About Us,Export Partnership Proposal - Premium Singing Bowls Supplier,2026-09-10 00:12:27,Skipped,Already contacted previously
info@singarena.com,"Singarena – Karaoke, Ai Voice Score & Voice Rooms",Export Partnership Proposal - Premium Singing Bowls Supplier,2026-09-10 00:12:27,Skipped,Already contacted previously
support@screenapp.io,Rate My Voice,Export Partnership Proposal - Premium Singing Bowls Supplier,2026-09-10 00:12:27,Skipped,Already contacted previously
daniel@anytospeech.com,Rate My Singing,Export Partnership Proposal - Premium Singing Bowls Supplier,2026-09-10 00:12:27,Skipped,Already contacted previously
support@singmeter.com,Singmeter,Export Partnership Proposal - Premium Singing Bowls Supplier,2026-09-10 00:12:27,Skipped,Already contacted previously
sales@crystalbowlswholesale.com,Crystal Bowls Wholesale,Export Partnership Proposal - Premium Singing Bowls Supplier,2026-09-10 00:12:27,Skipped,Already contacted previously
rain@isingingbowls.com,Faqs,Export Partnership Proposal - Premium Singing Bowls Supplier,2026-09-10 00:12:27,Skipped,Already contacted previously
support@studenthandicrafts.com,Singing Bowl Wholesale From Nepal,Export Partnership Proposal - Premium Singing Bowls Supplier,2026-09-10 00:12:27,Skipped,Already contacted previously
info@ecofy.io,Clear Pet Bowl & Rectangular Lids Manufacturer,Export Partnership Proposal - Premium Singing Bowls Supplier,2026-09-10 00:12:27,Skipped,Already contacted previously
support@contactout.com,Email Finder By Contactout,Export Partnership Proposal - Premium Singing Bowls Supplier,2026-09-10 00:12:27,Skipped,Already contacted previously
epc@poet.com,Contact,Export Partnership Proposal - Premium Singing Bowls Supplier,2026-09-10 00:12:27,Skipped,Already contacted previously
business@lindenlab.com,Contact,Export Partnership Proposal - Premium Singing Bowls Supplier,2026-09-10 00:12:27,Skipped,Already contacted previously
info@mytilapia.com,Tilapia Fish And Fillet Importer/Wholesaler/Distributor,Export Partnership Proposal - Premium Singing Bowls Supplier,2026-09-10 00:12:27,Skipped,Already contacted previously
support@singingbowlsound.com,Instagram,Export Partnership Proposal - Premium Singing Bowls Supplier,2026-09-10 00:12:27,Skipped,Already contacted previously
besthimalayaglobal@gmail.com,Wholesale Singing Bowl Shipping & Lead Times,Export Partnership Proposal - Premium Singing Bowls Supplier,2026-09-10 00:12:27,Skipped,Already contacted previously
info@thesingingbowlcenter.com,The Singing Bowl Manufacturer & Exporter Since 1959,Export Partnership Proposal - Premium Singing Bowls Supplier,2026-09-10 00:12:27,Skipped,Already contacted previously
trade.client.access@jpmchase.com,J.P. Morgan Log In,Export Partnership Proposal - Premium Singing Bowls Supplier,2026-09-10 00:12:27,Skipped,Already contacted previously
support@goplusus.com,Attachment Ii List Of Importers,Export Partnership Proposal - Premium Singing Bowls Supplier,2026-09-10 00:12:27,Skipped,Already contacted previously
farmlandimports@sbcglobal.net,National Shippers Contact List,Export Partnership Proposal - Premium Singing Bowls Supplier,2026-09-10 00:12:27,Skipped,Already contacted previously
support@whitepages.com,The White Pages Phone Book & Directory,Export Partnership Proposal - Premium Singing Bowls Supplier,2026-09-10 00:12:27,Skipped,Already contacted previously
admin@singingbowlshop.com,About Us,Export Partnership Proposal - Premium Singing Bowls Supplier,2026-09-10 00:12:27,Skipped,Already contacted previously
moe@adm.org,Singing Bowls Importers,Export Partnership Proposal - Premium Singing Bowls Supplier,2026-09-10 00:12:27,Skipped,Already contacted previously
customercare@indiamart.com,"Tibetan Singing Bowl Set, Antique Design",Export Partnership Proposal - Premium Singing Bowls Supplier,2026-09-10 00:12:27,Skipped,Already contacted previously
info@himalayasshop.com,Himalayas Shop,Export Partnership Proposal - Premium Singing Bowls Supplier,2026-09-10 00:12:27,Skipped,Already contacted previously
info@moxiusa.com,Attachment Ii List Of Importers,Export Partnership Proposal - Premium Singing Bowls Supplier,2026-09-10 00:12:27,Skipped,Already contacted previously
joep@voyagerfarmsllc.com,National Shippers Contact List,Export Partnership Proposal - Premium Singing Bowls Supplier,2026-09-10 00:12:27,Skipped,Already contacted previously
eximnasir@gmail.com,Handmade Soap Buyers & Importers,Export Partnership Proposal - Premium Singing Bowls Supplier,2026-09-10 00:12:27,Skipped,Already contacted previously
name@company.com,Contact,Export Partnership Proposal - Premium Singing Bowls Supplier,2026-09-10 00:12:27,Skipped,Already contacted previously
ashwani.singingbowlexporter@gmail.com,Handmade Singing Bowl Manufacturer And Exporter,Export Partnership Proposal - Premium Singing Bowls Supplier,2026-09-10 00:12:27,Skipped,Already contacted previously
info@studenthandicrafts.com,Singing Bowl Wholesale From Nepal,Export Partnership Proposal - Premium Singing Bowls Supplier,2026-09-10 00:12:27,Skipped,Already contacted previously
export@ecofy.io,Clear Pet Bowl & Rectangular Lids Manufacturer,Export Partnership Proposal - Premium Singing Bowls Supplier,2026-09-10 00:12:27,Skipped,Already contacted previously
connect@trademo.com,Singing Bowl Buyers & Importers In United States,Export Partnership Proposal - Premium Singing Bowls Supplier,2026-09-10 00:12:27,Skipped,Already contacted previously
sales@dataintelo.com,Singing Bowls Sales Market Research Report 2034,Export Partnership Proposal - Premium Singing Bowls Supplier,2026-09-10 00:12:27,Skipped,Already contacted previously
enquiries@verifiedmarketresearch.com,Singing Bowls Market Size And Forecast,Export Partnership Proposal - Premium Singing Bowls Supplier,2026-09-10 00:12:27,Skipped,Already contacted previously
orders@evertonesingingbowls.com,Customer Support – Evertone Singing Bowls,Export Partnership Proposal - Premium Singing Bowls Supplier,2026-09-10 00:12:27,Skipped,Already contacted previously
gacxpress.nepal1@gmail.com,We Don'T Manufacture Singing Bowls Just To Make Them Look Beautiful ...,Export Partnership Proposal - Premium Singing Bowls Supplier,2026-09-10 00:12:27,Skipped,Already contacted previously
support@exportbusinessmart.com,Export Business Mart,Export Partnership Proposal - Premium Singing Bowls Supplier,2026-09-10 00:12:27,Skipped,Already contacted previously
mails@epch.com,Hall No. 16 Exhibitors List,Export Partnership Proposal - Premium Singing Bowls Supplier,2026-09-10 00:12:27,Skipped,Already contacted previously
customer@rainbowsounds.co,Soul Star Chakra Crystal Singing Bowls,Export Partnership Proposal - Premium Singing Bowls Supplier,2026-09-10 00:12:27,Skipped,Already contacted previously
sales@sownseedo.com,Frosted Quartz Crystal Singing Bowl Buyers & Importers,Export Partnership Proposal - Premium Singing Bowls Supplier,2026-09-10 00:12:27,Skipped,Already contacted previously
info@wiseguyreports.com,"Singing Bowls Market Size, Trends & Forecast 2035",Export Partnership Proposal - Premium Singing Bowls Supplier,2026-09-10 00:12:27,Skipped,Already contacted previously
handmadesingingbowl01@gmail.com,Tibetan Handmade Singing Bowls Wholesale,Export Partnership Proposal - Premium Singing Bowls Supplier,2026-09-10 00:12:27,Skipped,Already contacted previously
info@usingredients.com,Us Ingredients Llc - Www.Usingredients.Com,Export Partnership Proposal - Premium Singing Bowls Supplier,2026-09-10 00:12:27,Skipped,Already contacted previously
closeouts@merchandiseusa.com,Merchandise Usa Closeout Buyers - Overstock And Liquidation Buyers,Export Partnership Proposal - Premium Singing Bowls Supplier,2026-09-10 00:12:27,Skipped,Already contacted previously
supplierinquiries@sanmar.com,Contact Us,Export Partnership Proposal - Premium Singing Bowls Supplier,2026-09-10 00:12:27,Skipped,Already contacted previously
partnership@trademo.com,Singing Bowl Buyers & Importers In United States,Export Partnership Proposal - Premium Singing Bowls Supplier,2026-09-10 00:12:27,Skipped,Already contacted previously
press@google.com,Gmail,Export Partnership Proposal - Premium Singing Bowls Supplier,2026-09-10 00:12:27,Skipped,Already contacted previously
welcome@dohbamezcal.com,Ernesto E. Aguirre - Importer & Distributor Of Ultra-Premium ...,Export Partnership Proposal - Premium Singing Bowls Supplier,2026-09-10 00:12:27,Skipped,Already contacted previously
gbsourcingbd@gmail.com,Global Buyer Sourcing - Global Buyer Sourcing,Export Partnership Proposal - Premium Singing Bowls Supplier,2026-09-10 00:12:27,Skipped,Already contacted previously
info@castlecf.com,Importer And Distributor,Export Partnership Proposal - Premium Singing Bowls Supplier,2026-09-10 00:12:27,Skipped,Already contacted previously
forsale@themightybowl.com,Big News! Mighty Bowl Company Is Officially For Sale! Who Out ...,Export Partnership Proposal - Premium Singing Bowls Supplier,2026-09-10 00:12:27,Skipped,Already contacted previously
support@petalcard.com,Contact,Export Partnership Proposal - Premium Singing Bowls Supplier,2026-09-10 00:12:27,Skipped,Already contacted previously
franjeri1001@gmail.com,"Fertilizer Buyer, Seller, Importer, Trader – Urea, Can, Dap, Npk, Map, Mop | 🌍 Global Fertilizer Market Analysis – November 17, 2025",Export Partnership Proposal - Premium Singing Bowls Supplier,2026-09-10 00:12:27,Skipped,Already contacted previously
csr@mlilyusa.com,Attachment Ii List Of Importers,Export Partnership Proposal - Premium Singing Bowls Supplier,2026-09-10 00:12:27,Skipped,Already contacted previously
lilywanging@gmail.com,"Fertilizer Buyer, Seller, Importer, Trader – Urea, Can, Dap, Npk, Map, Mop | Calcium Ammonium Nitrate, Large Quantities In Stock And Ready To Ship At Any Time",Export Partnership Proposal - Premium Singing Bowls Supplier,2026-09-10 00:12:27,Skipped,Already contacted previously
info@vietgro.com,"Fertilizer Buyer, Seller, Importer, Trader – Urea, Can, Dap, Npk, Map, Mop | 🌍 [Fertilizer Market Update – August 2025]",Export Partnership Proposal - Premium Singing Bowls Supplier,2026-09-10 00:12:27,Skipped,Already contacted previously
info@arc-vlogistic.com,"King Crude Oil And Gas Buyer And Seller | Dear Sir/Madam,",Export Partnership Proposal - Premium Singing Bowls Supplier,2026-09-10 00:12:27,Skipped,Already contacted previously
support_capitalconnect@jpmorgan.com,J.P. Morgan Log In,Export Partnership Proposal - Premium Singing Bowls Supplier,2026-09-10 00:12:27,Skipped,Already contacted previously
raz@razimports.com,Raz Imports Inc.,Export Partnership Proposal - Premium Singing Bowls Supplier,2026-09-10 00:12:27,Skipped,Already contacted previously
contactus@exporthub.com,Singing Bowl Wholesale Supplier,Export Partnership Proposal - Premium Singing Bowls Supplier,2026-09-10 00:12:27,Skipped,Already contacted previously
sales@findthedistributor.com,Find The Distributor,Export Partnership Proposal - Premium Singing Bowls Supplier,2026-09-10 00:12:27,Skipped,Already contacted previously
prudence@wholesalerecruitingsolutions.com,"Wholesale Recruiting Solutions, Llc - The Electrical Distribution And Manufacturer Rep Recruiting Experts",Export Partnership Proposal - Premium Singing Bowls Supplier,2026-09-10 00:12:27,Skipped,Already contacted previously
contactus@tradekey.com,"Usa Singing Bowls Importers, Buyers And Distributors",Export Partnership Proposal - Premium Singing Bowls Supplier,2026-09-10 00:12:27,Skipped,Already contacted previously
gopaliimports@gmail.com,Gopali Authentic Tibetan Singing Bowls & Sound Healing In St ...,Export Partnership Proposal - Premium Singing Bowls Supplier,2026-09-10 00:12:27,Skipped,Already contacted previously
info@go4futuro.com,Frosted Quartz Crystal Singing Bowl Buyers & Importers,Export Partnership Proposal - Premium Singing Bowls Supplier,2026-09-10 00:12:27,Skipped,Already contacted previously
info@vntc.net.vn,Spices Market For Importer And Exporter | A-B Whole Cassia For Export - Competitive Prices & High Quality,Export Partnership Proposal - Premium Singing Bowls Supplier,2026-09-10 00:12:27,Skipped,Already contacted previously
catrina@sacredsoundofthesoul.com,Sacred Sound Of The Soul,Export Partnership Proposal - Premium Singing Bowls Supplier,2026-09-10 00:12:28,Skipped,Already contacted previously
info@dsn.group,Katerina Myroshnyk,Export Partnership Proposal - Premium Singing Bowls Supplier,2026-09-10 00:12:28,Skipped,Already contacted previously
mohammed@maghco.sa,Frosted Quartz Crystal Singing Bowl Buyers & Importers,Export Partnership Proposal - Premium Singing Bowls Supplier,2026-09-10 00:12:28,Skipped,Already contacted previously
info@belmontoilgas.com,Frosted Quartz Crystal Singing Bowl Buyers & Importers,Export Partnership Proposal - Premium Singing Bowls Supplier,2026-09-10 00:12:28,Skipped,Already contacted previously
tradeoneusa@gmail.com,Decorative Candle Holders For Home Décor,Export Partnership Proposal - Premium Singing Bowls Supplier,2026-09-10 00:12:28,Skipped,Already contacted previously
support@tradewheel.com,United States Candle Holders Buyers And Importers List!,Export Partnership Proposal - Premium Singing Bowls Supplier,2026-09-10 00:12:28,Skipped,Already contacted previously
ryan@yubaiglass.com,Wholesale Glass Candle Holders Manufacturer,Export Partnership Proposal - Premium Singing Bowls Supplier,2026-09-10 00:12:28,Skipped,Already contacted previously
foryou@foryoudecor.com,Crystal Candle Holder Wholesale Supplier,Export Partnership Proposal - Premium Singing Bowls Supplier,2026-09-10 00:12:28,Skipped,Already contacted previously
info@ace-chn.om,China Crystal Candle Holder Buyers & Importers,Export Partnership Proposal - Premium Singing Bowls Supplier,2026-09-10 00:12:28,Skipped,Already contacted previously
info@alishbaimpex.com,Alishba Impex,Export Partnership Proposal - Premium Singing Bowls Supplier,2026-09-10 00:12:28,Skipped,Already contacted previously
evecraftoverseas.info@gmail.com,We'Re Manufacture And Wholesaler Of Home Decor Products ...,Export Partnership Proposal - Premium Singing Bowls Supplier,2026-09-10 00:12:28,Skipped,Already contacted previously
daniel@cregapak.com,Daniel /Cosmetic Packaging/ Home Decoration,Export Partnership Proposal - Premium Singing Bowls Supplier,2026-09-10 00:12:28,Skipped,Already contacted previously
sardarhussainimpex@gmail.com,Zaryat Siddiqui - Indian Manufacture | Home Decor | Bulk ...,Export Partnership Proposal - Premium Singing Bowls Supplier,2026-09-10 00:12:28,Skipped,Already contacted previously
a.h.handicraftsinc@gmail.com,A.H. Handicrafts Inc.,Export Partnership Proposal - Premium Singing Bowls Supplier,2026-09-10 00:12:28,Skipped,Already contacted previously
lovefreecandles@verizon.net,Alayna Stiffler - Sr. Team Leader/Fragrance Consultant & Direct ...,Export Partnership Proposal - Premium Singing Bowls Supplier,2026-09-10 00:12:28,Skipped,Already contacted previously
info@asianexportex.com,Asian Exportex,Export Partnership Proposal - Premium Singing Bowls Supplier,2026-09-10 00:12:28,Skipped,Already contacted previously
elsevent2012@gmail.com,Candles Holder For Rental. For Inquiry 0818293582 ...,Export Partnership Proposal - Premium Singing Bowls Supplier,2026-09-10 00:12:28,Skipped,Already contacted previously
laromausa@gmail.com,L'Aroma Usa - Manufacturer And Distributor Of Scented Candles,Export Partnership Proposal - Premium Singing Bowls Supplier,2026-09-10 00:12:28,Skipped,Already contacted previously
info@tradewheel.com,United States Candle Holders Buyers And Importers List!,Export Partnership Proposal - Premium Singing Bowls Supplier,2026-09-10 00:12:28,Skipped,Already contacted previously
sales.bhavatuorganic@gmail.com,Frosted Quartz Crystal Singing Bowl Buyers & Importers,Export Partnership Proposal - Premium Singing Bowls Supplier,2026-09-10 00:12:28,Skipped,Already contacted previously
ashok560@yahoo.com,Frosted Quartz Crystal Singing Bowl Buyers & Importers,Export Partnership Proposal - Premium Singing Bowls Supplier,2026-09-10 00:12:28,Skipped,Already contacted previously
sales@danaexport.com.eg,Frosted Quartz Crystal Singing Bowl Buyers & Importers,Export Partnership Proposal - Premium Singing Bowls Supplier,2026-09-10 00:12:28,Skipped,Already contacted previously
events@wcs.org,Himalayan Highlands,Export Partnership Proposal - Premium Singing Bowls Supplier,2026-09-10 00:30:37,Sent,Inline poster embedded + PPT attached: singing_bowl_product.pdf
dev@biologists.com,The Company Of Biologists,Export Partnership Proposal - Premium Singing Bowls Supplier,2026-09-10 00:31:18,Sent,Inline poster embedded + PPT attached: singing_bowl_product.pdf
info@himalayancrafthouse.com,Terms And Conditions,Export Partnership Proposal - Premium Singing Bowls Supplier,2026-09-10 00:57:32,Sent,Inline poster embedded + PPT attached: singing_bowl_product.pdf
accounting@417mag.com,We Review The Himalayan Grill & Bar,Export Partnership Proposal - Premium Singing Bowls Supplier,2026-09-10 00:58:10,Sent,Inline poster embedded + PPT attached: singing_bowl_product.pdf
bzeducation@wcs.org,Himalayan Highlands,Export Partnership Proposal - Premium Singing Bowls Supplier,2026-09-10 00:58:47,Sent,Inline poster embedded + PPT attached: singing_bowl_product.pdf
purchasing@company.com,Singing Bowl Wholesale From Nepal,Export Partnership Proposal - Premium Singing Bowls Supplier,2026-09-10 00:59:23,Sent,Inline poster embedded + PPT attached: singing_bowl_product.pdf
events@wcs.org,Himalayan Highlands,Export Partnership Proposal - Premium Singing Bowls Supplier,2026-09-10 00:59:28,Skipped,Already contacted previously
care@theomshoppe.com,Welcome To The Om Shoppe,Export Partnership Proposal - Premium Singing Bowls Supplier,2026-09-11 00:18:57,Sent,Inline poster embedded + PPT attached: singing_bowl_product.pdf
admin@tractionondemand.com,Himalayan Highlands,Export Partnership Proposal - Premium Singing Bowls Supplier,2026-09-11 00:19:35,Sent,Inline poster embedded + PPT attached: singing_bowl_product.pdf
email@desiringgod.org,Our Melody In Any Valley,Export Partnership Proposal - Premium Singing Bowls Supplier,2026-09-11 00:20:12,Sent,Inline poster embedded + PPT attached: singing_bowl_product.pdf
disney.archives@disney.com,The Walt Disney Company And Tiktok Announce A First,Export Partnership Proposal - Premium Singing Bowls Supplier,2026-09-11 00:20:52,Sent,Inline poster embedded + PPT attached: singing_bowl_product.pdf
mdixon@wcs.org,Himalayan Highlands,Export Partnership Proposal - Premium Singing Bowls Supplier,2026-09-11 00:34:46,Sent,Inline poster embedded + PPT attached: singing_bowl_product.pdf
vertrieb@faz.de,Donald Trump Schenkte Natalie Harp 45.000 Dollar Zu ...,Export Partnership Proposal - Premium Singing Bowls Supplier,2026-09-11 00:35:25,Sent,Inline poster embedded + PPT attached: singing_bowl_product.pdf
presse@faz.de,Usa Unter Trump Trump Verspricht Jedem Us,Export Partnership Proposal - Premium Singing Bowls Supplier,2026-09-11 00:36:02,Sent,Inline poster embedded + PPT attached: singing_bowl_product.pdf
corp.communications.ltam.twdc@disney.com,The Walt Disney Company And Tiktok Announce A First,Export Partnership Proposal - Premium Singing Bowls Supplier,2026-09-11 00:36:39,Sent,Inline poster embedded + PPT attached: singing_bowl_product.pdf
guestrelations@wcs.org,Himalayan Highlands,Export Partnership Proposal - Premium Singing Bowls Supplier,2026-09-11 00:51:05,Sent,Inline poster embedded + PPT attached: singing_bowl_product.pdf
referencerequestuk@bp.com,Bp United States,Export Partnership Proposal - Premium Singing Bowls Supplier,2026-09-11 00:51:41,Sent,Inline poster embedded + PPT attached: singing_bowl_product.pdf
info@issuewire.com,Silver Sky Imports Rebrands As Soundtopia,Export Partnership Proposal - Premium Singing Bowls Supplier,2026-09-11 01:08:32,Sent,Inline poster embedded + PPT attached: singing_bowl_product.pdf
infoindia@tnp.org,Home Page,Export Partnership Proposal - Premium Singing Bowls Supplier,2026-09-11 23:19:34,Sent,Inline poster embedded + PPT attached: singing_bowl_product.pdf
globalrepublish@theconversation.com,Biology With Tibetan Buddhist Monks,Export Partnership Proposal - Premium Singing Bowls Supplier,2026-09-11 23:20:15,Sent,Inline poster embedded + PPT attached: singing_bowl_product.pdf
wcsgroupsales@wcs.org,Himalayan Highlands,Export Partnership Proposal - Premium Singing Bowls Supplier,2026-09-11 23:20:54,Sent,Inline poster embedded + PPT attached: singing_bowl_product.pdf
webmaster@wsilogix.com,Usa Pickleball,Export Partnership Proposal - Premium Singing Bowls Supplier,2026-09-11 23:21:32,Sent,Inline poster embedded + PPT attached: singing_bowl_product.pdf
relax@soundjourneystore.com,The Sound Journey Store,Export Partnership Proposal - Premium Singing Bowls Supplier,2026-09-11 23:22:11,Sent,Inline poster embedded + PPT attached: singing_bowl_product.pdf
benchmark@climateaction100.org,Net Zero Company Benchmark,Export Partnership Proposal - Premium Singing Bowls Supplier,2026-09-11 23:22:50,Sent,Inline poster embedded + PPT attached: singing_bowl_product.pdf
contact@bpcardservice.ch,Bp United States,Export Partnership Proposal - Premium Singing Bowls Supplier,2026-09-11 23:23:26,Sent,Inline poster embedded + PPT attached: singing_bowl_product.pdf
info@seedsource.com,Native American Seed,Export Partnership Proposal - Premium Singing Bowls Supplier,2026-09-11 23:24:08,Sent,Inline poster embedded + PPT attached: singing_bowl_product.pdf
meetings@biologists.com,The Company Of Biologists,Export Partnership Proposal - Premium Singing Bowls Supplier,2026-09-11 23:24:52,Sent,Inline poster embedded + PPT attached: singing_bowl_product.pdf
info@tnp.org,Home Page,Export Partnership Proposal - Premium Singing Bowls Supplier,2026-09-11 23:44:07,Sent,Inline poster embedded + PPT attached: singing_bowl_product.pdf
privacy@theconversation.edu.au,Biology With Tibetan Buddhist Monks,Export Partnership Proposal - Premium Singing Bowls Supplier,2026-09-11 23:44:45,Sent,Inline poster embedded + PPT attached: singing_bowl_product.pdf
bpmerewards@bp.com,Bp United States,Export Partnership Proposal - Premium Singing Bowls Supplier,2026-09-11 23:45:23,Sent,Inline poster embedded + PPT attached: singing_bowl_product.pdf
prelights@biologists.com,The Company Of Biologists,Export Partnership Proposal - Premium Singing Bowls Supplier,2026-09-11 23:46:01,Sent,Inline poster embedded + PPT attached: singing_bowl_product.pdf
globalpartnerships@theconversation.com,Biology With Tibetan Buddhist Monks,Export Partnership Proposal - Premium Singing Bowls Supplier,2026-09-12 00:14:01,Sent,Inline poster embedded + PPT attached: singing_bowl_product.pdf
globalpartnerships@theconversation.com,Biology With Tibetan Buddhist Monks,Export Partnership Proposal - Premium Singing Bowls Supplier,2026-09-12 00:14:21,Skipped,Already contacted previously
rpmdhq-web@fns.usda.gov,Snap Retailer Data,Export Partnership Proposal - Premium Singing Bowls Supplier,2026-09-12 00:14:38,Sent,Inline poster embedded + PPT attached: singing_bowl_product.pdf
rpmdhq-web@fns.usda.gov,Snap Retailer Data,Export Partnership Proposal - Premium Singing Bowls Supplier,2026-09-12 00:14:54,Sent,Inline poster embedded + PPT attached: singing_bowl_product.pdf
opa@ftc.gov,Rite Aid Banned From Using Ai Facial Recognition After Ftc Says Retailer Deployed Technology Without Reasonable Safeguards,Export Partnership Proposal - Premium Singing Bowls Supplier,2026-09-12 00:15:14,Sent,Inline poster embedded + PPT attached: singing_bowl_product.pdf
opa@ftc.gov,Rite Aid Banned From Using Ai Facial Recognition After Ftc Says Retailer Deployed Technology Without Reasonable Safeguards,Export Partnership Proposal - Premium Singing Bowls Supplier,2026-09-12 00:15:31,Sent,Inline poster embedded + PPT attached: singing_bowl_product.pdf
responsibility@twdc.com,The Walt Disney Company,Export Partnership Proposal - Premium Singing Bowls Supplier,2026-09-12 00:15:51,Sent,Inline poster embedded + PPT attached: singing_bowl_product.pdf
responsibility@twdc.com,The Walt Disney Company,Export Partnership Proposal - Premium Singing Bowls Supplier,2026-09-12 00:16:07,Sent,Inline poster embedded + PPT attached: singing_bowl_product.pdf
webreseau.cergy@eurogarages.com,Bp United States,Export Partnership Proposal - Premium Singing Bowls Supplier,2026-09-12 00:16:28,Sent,Inline poster embedded + PPT attached: singing_bowl_product.pdf
webreseau.cergy@eurogarages.com,Bp United States,Export Partnership Proposal - Premium Singing Bowls Supplier,2026-09-12 00:16:44,Sent,Inline poster embedded + PPT attached: singing_bowl_product.pdf
live.template.editor@gmail.com,Contact • Himalayan Singing Bowls,Export Partnership Proposal - Premium Singing Bowls Supplier,2026-09-12 00:17:22,Sent,Inline poster embedded + PPT attached: singing_bowl_product.pdf
contact@singingbowlsoftherockies.com,Contact,Export Partnership Proposal - Premium Singing Bowls Supplier,2026-09-12 00:36:36,Sent,Inline poster embedded + PPT attached: singing_bowl_product.pdf
hcmoemployment@ftc.gov,Rite Aid Banned From Using Ai Facial Recognition After Ftc Says Retailer Deployed Technology Without Reasonable Safeguards,Export Partnership Proposal - Premium Singing Bowls Supplier,2026-09-12 00:37:14,Sent,Inline poster embedded + PPT attached: singing_bowl_product.pdf
sales@somethingdifferentwholesale.co.uk,Wholesale Singing Bowls Supplier,Export Partnership Proposal - Premium Singing Bowls Supplier,2026-09-12 00:37:51,Sent,Inline poster embedded + PPT attached: singing_bowl_product.pdf
global-support@theconversation.com,Biology With Tibetan Buddhist Monks,Export Partnership Proposal - Premium Singing Bowls Supplier,2026-09-12 00:59:18,Sent,Inline poster embedded + PPT attached: singing_bowl_product.pdf
detoxinista@gmail.com,Greek Yogurt Bowls (Without Protein Powder!),Export Partnership Proposal - Premium Singing Bowls Supplier,2026-09-12 00:59:55,Sent,Inline poster embedded + PPT attached: singing_bowl_product.pdf
corp.comm.india@disney.com,The Walt Disney Company,Export Partnership Proposal - Premium Singing Bowls Supplier,2026-09-12 01:00:32,Sent,Inline poster embedded + PPT attached: singing_bowl_product.pdf
helpdeskmailbox@bp.com,Bp United States,Export Partnership Proposal - Premium Singing Bowls Supplier,2026-09-12 01:01:09,Sent,Inline poster embedded + PPT attached: singing_bowl_product.pdf
team@usetorg.com,"Find Us Buyers, Importers, Distributors",Export Partnership Proposal - Premium Singing Bowls Supplier,2026-09-12 01:14:44,Sent,Inline poster embedded + PPT attached: singing_bowl_product.pdf
customercare@somethingdifferentwholesale.co.uk,Wholesale Singing Bowls Supplier,Export Partnership Proposal - Premium Singing Bowls Supplier,2026-09-12 01:15:22,Sent,Inline poster embedded + PPT attached: singing_bowl_product.pdf
jimp@1sourcemarketing.com,National Shippers Contact List,Export Partnership Proposal - Premium Singing Bowls Supplier,2026-09-12 01:16:38,Sent,Inline poster embedded + PPT attached: singing_bowl_product.pdf
globalsponsor@theconversation.com,Biology With Tibetan Buddhist Monks,Export Partnership Proposal - Premium Singing Bowls Supplier,2026-09-12 01:17:14,Sent,Inline poster embedded + PPT attached: singing_bowl_product.pdf
mailsupport@doit.gov.np,Centralized Mail,Export Partnership Proposal - Premium Singing Bowls Supplier,2026-09-12 23:51:41,Sent,Inline poster embedded + PPT attached: singing_bowl_product.pdf
info@cannabis.ca.gov,Retail,Export Partnership Proposal - Premium Singing Bowls Supplier,2026-09-12 23:52:19,Sent,Inline poster embedded + PPT attached: singing_bowl_product.pdf
kilatechapps@gmail.com,Singing Bowl,Export Partnership Proposal - Premium Singing Bowls Supplier,2026-09-13 00:04:10,Sent,Inline poster embedded + PPT attached: singing_bowl_product.pdf
sales-us@colt.net,Contact,Export Partnership Proposal - Premium Singing Bowls Supplier,2026-09-14 23:21:58,Sent,Inline poster embedded + PPT attached: singing_bowl_product.pdf
complianceofficer@tjx.com,Contact Us,Export Partnership Proposal - Premium Singing Bowls Supplier,2026-09-14 23:22:38,Sent,Inline poster embedded + PPT attached: singing_bowl_product.pdf
manufacturingusa@nist.gov,Manufacturing Usa,Export Partnership Proposal - Premium Singing Bowls Supplier,2026-09-14 23:23:15,Sent,Inline poster embedded + PPT attached: singing_bowl_product.pdf
twdc.pressinquiries@disney.com,The Walt Disney Company,Export Partnership Proposal - Premium Singing Bowls Supplier,2026-09-14 23:23:51,Sent,Inline poster embedded + PPT attached: singing_bowl_product.pdf
datap@biologists.com,The Company Of Biologists,Export Partnership Proposal - Premium Singing Bowls Supplier,2026-09-14 23:24:29,Sent,Inline poster embedded + PPT attached: singing_bowl_product.pdf
hello@pinchofyum.com,Roasted Cauliflower Hummus Bowls Recipe,Export Partnership Proposal - Premium Singing Bowls Supplier,2026-09-15 00:17:09,Sent,Inline poster embedded + PPT attached: singing_bowl_product.pdf
8eb368c655b84e029ed79ad7a5c1718e@sentry.wixpress.com,Himalayan Singing Bowls,Export Partnership Proposal - Premium Singing Bowls Supplier,2026-09-15 00:17:45,Sent,Inline poster embedded + PPT attached: singing_bowl_product.pdf
contactus@lovenspire.com,Singing Bowl Collection,Export Partnership Proposal - Premium Singing Bowls Supplier,2026-09-15 23:58:28,Sent,Inline poster embedded + PPT attached: singing_bowl_product.pdf
frank.wanner@sndits.com,Crystal Tones,Export Partnership Proposal - Premium Singing Bowls Supplier,2026-09-15 23:59:09,Sent,Inline poster embedded + PPT attached: singing_bowl_product.pdf
office@downtownalameda.com,Navadurga Handicrafts & Singing Bowl House,Export Partnership Proposal - Premium Singing Bowls Supplier,2026-09-15 23:59:45,Sent,Inline poster embedded + PPT attached: singing_bowl_product.pdf
customercare@worldmarket.com,Singing Bowl With Mallet,Export Partnership Proposal - Premium Singing Bowls Supplier,2026-09-16 00:00:22,Sent,Inline poster embedded + PPT attached: singing_bowl_product.pdf
order@earthselements.com,Crystal Bowls,Export Partnership Proposal - Premium Singing Bowls Supplier,2026-09-16 00:00:59,Sent,Inline poster embedded + PPT attached: singing_bowl_product.pdf
online@earthselements.com,Metal Singing Bowls,Export Partnership Proposal - Premium Singing Bowls Supplier,2026-09-16 00:01:35,Sent,Inline poster embedded + PPT attached: singing_bowl_product.pdf
support@simprosys.com,Healing Tibetan Singing Bowl,Export Partnership Proposal - Premium Singing Bowls Supplier,2026-09-16 00:02:13,Sent,Inline poster embedded + PPT attached: singing_bowl_product.pdf
himalayahandmade@gmail.com,Lsb,Export Partnership Proposal - Premium Singing Bowls Supplier,2026-09-16 00:02:49,Sent,Inline poster embedded + PPT attached: singing_bowl_product.pdf
navahandicrafts@gmail.com,Nava Handicrafts,Export Partnership Proposal - Premium Singing Bowls Supplier,2026-09-16 00:03:26,Sent,Inline poster embedded + PPT attached: singing_bowl_product.pdf
flow@zenprospera.com,Zenprospera Singing Bowl™,Export Partnership Proposal - Premium Singing Bowls Supplier,2026-09-16 00:04:03,Sent,Inline poster embedded + PPT attached: singing_bowl_product.pdf
hello@divinebowls.love,Terms And Conditions,Export Partnership Proposal - Premium Singing Bowls Supplier,2026-09-16 00:04:42,Sent,Inline poster embedded + PPT attached: singing_bowl_product.pdf
connect@circleuped.com,Zenprospera Singing Bowl™,Export Partnership Proposal - Premium Singing Bowls Supplier,2026-09-16 00:05:20,Sent,Inline poster embedded + PPT attached: singing_bowl_product.pdf
kristine.barker@sci-us.com,Crystal Tones,Export Partnership Proposal - Premium Singing Bowls Supplier,2026-09-16 00:09:59,Sent,Inline poster embedded + PPT attached: singing_bowl_product.pdf
info@himalayanbzr.com,"What Is The Difference Between Tibetan Singing Bowls, Himalayan Singing Bowls, And Crystal Sound Bowls?",Export Partnership Proposal - Premium Singing Bowls Supplier,2026-09-16 00:10:36,Sent,Inline poster embedded + PPT attached: singing_bowl_product.pdf
info@kalaimports.com,"Kala Imports Llc, Beautiful Handmade Stuff From Around The World",Export Partnership Proposal - Premium Singing Bowls Supplier,2026-09-16 00:14:56,Sent,Inline poster embedded + PPT attached: singing_bowl_product.pdf
sales@wholesaleworldmarket.com,Yoga Supplies,Export Partnership Proposal - Premium Singing Bowls Supplier,2026-09-16 00:15:34,Sent,Inline poster embedded + PPT attached: singing_bowl_product.pdf
sales@earthselements.com,Crystal Bowls,Export Partnership Proposal - Premium Singing Bowls Supplier,2026-09-16 00:16:11,Sent,Inline poster embedded + PPT attached: singing_bowl_product.pdf
9a65e97ebe8141fca0c4fd686f70996b@sentry.wixpress.com,Crystal Tones,Export Partnership Proposal - Premium Singing Bowls Supplier,2026-09-16 00:25:33,Sent,Inline poster embedded + PPT attached: singing_bowl_product.pdf
9a65e97ebe8141fca0c4fd686f70996b@sentry.wixpress.com,Crystal Tones,Export Partnership Proposal - Premium Singing Bowls Supplier,2026-09-16 00:25:40,Skipped,Already contacted previously
info@songofindia.com,Singing Bowls,Export Partnership Proposal - Premium Singing Bowls Supplier,2026-09-16 00:26:11,Sent,Inline poster embedded + PPT attached: singing_bowl_product.pdf
info@songofindia.com,Singing Bowls,Export Partnership Proposal - Premium Singing Bowls Supplier,2026-09-16 00:26:12,Sent,Inline poster embedded + PPT attached: singing_bowl_product.pdf
info@himalaya-clothing.com,Lsb,Export Partnership Proposal - Premium Singing Bowls Supplier,2026-09-16 00:26:49,Sent,Inline poster embedded + PPT attached: singing_bowl_product.pdf
info@himalaya-clothing.com,Lsb,Export Partnership Proposal - Premium Singing Bowls Supplier,2026-09-16 00:26:50,Sent,Inline poster embedded + PPT attached: singing_bowl_product.pdf
info@gongs-unlimited.com,Gongs Unlimited,Export Partnership Proposal - Premium Singing Bowls Supplier,2026-09-16 23:40:00,Sent,Inline poster embedded + PPT attached: singing_bowl_product.pdf
info@theclandestinousa.com,Crystal Tones,Export Partnership Proposal - Premium Singing Bowls Supplier,2026-09-16 23:40:41,Sent,Inline poster embedded + PPT attached: singing_bowl_product.pdf
vibrationalsound@gmail.com,Online Vst Singing Bowl Vibrational Sound Therapy Certification ...,Export Partnership Proposal - Premium Singing Bowls Supplier,2026-09-16 23:41:21,Sent,Inline poster embedded + PPT attached: singing_bowl_product.pdf
bargainbasecamp01@gmail.com,Crystal Tones,Export Partnership Proposal - Premium Singing Bowls Supplier,2026-09-16 23:42:01,Sent,Inline poster embedded + PPT attached: singing_bowl_product.pdf
info@kinunifiedhealinginstitute.com,Crystal Singing Bowls,Export Partnership Proposal - Premium Singing Bowls Supplier,2026-09-16 23:42:39,Sent,Inline poster embedded + PPT attached: singing_bowl_product.pdf
jandobedandbreakfast@gmail.com,Crystal Tones,Export Partnership Proposal - Premium Singing Bowls Supplier,2026-09-17 00:20:31,Sent,Inline poster embedded + PPT attached: singing_bowl_product.pdf
support@lifechangingenergy.com,"Singing Bowl Bell Handmade, Tibetan Bowls, Copper",Export Partnership Proposal - Premium Singing Bowls Supplier,2026-09-17 00:21:10,Sent,Inline poster embedded + PPT attached: singing_bowl_product.pdf
sbaldo@baldovinoswinebar.com,Crystal Tones,Export Partnership Proposal - Premium Singing Bowls Supplier,2026-09-17 23:20:29,Sent,Inline poster embedded + PPT attached: singing_bowl_product.pdf
email@tikaimports.com,Tika Imports,Export Partnership Proposal - Premium Singing Bowls Supplier,2026-09-17 23:21:11,Sent,Inline poster embedded + PPT attached: singing_bowl_product.pdf
aranikoh@gmail.com,Om Bronze Singing Bowl,Export Partnership Proposal - Premium Singing Bowls Supplier,2026-09-17 23:21:51,Sent,Inline poster embedded + PPT attached: singing_bowl_product.pdf
463991d7bca24f02a0baf16f9e6eda73@sentry.wixpress.com,Crystal Tones,Export Partnership Proposal - Premium Singing Bowls Supplier,2026-09-17 23:30:50,Sent,Inline poster embedded + PPT attached: singing_bowl_product.pdf
erika@crystaltones.com,Crystal Tones,Export Partnership Proposal - Premium Singing Bowls Supplier,2026-09-17 23:39:41,Sent,Inline poster embedded + PPT attached: singing_bowl_product.pdf
darmk03@gmail.com,Crystal Tones,Export Partnership Proposal - Premium Singing Bowls Supplier,2026-09-17 23:45:15,Sent,Inline poster embedded + PPT attached: singing_bowl_product.pdf
darmk03@gmail.com,Crystal Tones,Export Partnership Proposal - Premium Singing Bowls Supplier,2026-09-17 23:45:20,Sent,Inline poster embedded + PPT attached: singing_bowl_product.pdf
